{
    "sourceFile": ".github/workflows/deploy-aws-lambda.yml",
    "activeCommit": 0,
    "commits": [
        {
            "activePatchIndex": 1,
            "patches": [
                {
                    "date": 1747010760237,
                    "content": "Index: \n===================================================================\n--- \n+++ \n"
                },
                {
                    "date": 1747011263057,
                    "content": "Index: \n===================================================================\n--- \n+++ \n@@ -0,0 +1,43 @@\n+name: Deploy to aws lambda\n+\n+on:\n+  workflow_dispatch:\n+  # workflow_run:\n+  #   workflows: ['semantic-release']\n+  #   types:\n+  #     - completed\n+  #   branches:\n+  #     - main\n+\n+jobs:\n+  deploy:\n+    runs-on: ubuntu-latest\n+    steps:\n+      - name: Checkout repository\n+        uses: actions/checkout@v4\n+\n+      - name: Install pnpm\n+        uses: pnpm/action-setup@v4\n+        with:\n+          version: 'latest'\n+          run_install: false\n+\n+      - name: Setup Node.js\n+        uses: actions/setup-node@v4\n+        with:\n+          node-version: '20'\n+          cache: 'pnpm'\n+\n+      - name: Install dependencies\n+        run: pnpm i --frozen-lockfile\n+\n+      - name: Configure AWS credentials\n+        uses: aws-actions/configure-aws-credentials@v4\n+        with:\n+          aws-access-key-id: ${{ secrets.AWS_ACCESS_KEY_ID }}\n+          aws-secret-access-key: ${{ secrets.AWS_SECRET_ACCESS_KEY }}\n+          aws-session-token: ${{ secrets.AWS_SESSION_TOKEN }}\n+          aws-region: ap-northeast-2\n+\n+      - name: Deploy to Lambda\n+        run: pnpm run lambda:deploy:ci\n"
                }
            ],
            "date": 1747010760237,
            "name": "Commit-0",
            "content": "name: Deploy to aws lambda\n\non:\n  workflow_dispatch:\n  workflow_run:\n    workflows: ['semantic-release']\n    types:\n      - completed\n    branches:\n      - main\n\njobs:\n  deploy:\n    runs-on: ubuntu-latest\n    steps:\n      - name: Checkout repository\n        uses: actions/checkout@v4\n\n      - name: Install pnpm\n        uses: pnpm/action-setup@v4\n        with:\n          version: 'latest'\n          run_install: false\n\n      - name: Setup Node.js\n        uses: actions/setup-node@v4\n        with:\n          node-version: '20'\n          cache: 'pnpm'\n\n      - name: Install dependencies\n        run: pnpm i --frozen-lockfile\n\n      - name: Configure AWS credentials\n        uses: aws-actions/configure-aws-credentials@v4\n        with:\n          aws-access-key-id: ${{ secrets.AWS_ACCESS_KEY_ID }}\n          aws-secret-access-key: ${{ secrets.AWS_SECRET_ACCESS_KEY }}\n          aws-session-token: ${{ secrets.AWS_SESSION_TOKEN }}\n          aws-region: ap-northeast-2\n\n      - name: Deploy to Lambda\n        run: pnpm run lambda:deploy:ci\n"
        }
    ]
}