{
    "sourceFile": ".gitignore",
    "activeCommit": 0,
    "commits": [
        {
            "activePatchIndex": 3,
            "patches": [
                {
                    "date": 1746966402971,
                    "content": "Index: \n===================================================================\n--- \n+++ \n"
                },
                {
                    "date": 1746966422234,
                    "content": "Index: \n===================================================================\n--- \n+++ \n@@ -0,0 +1,33 @@\n+# prod\n+dist/\n+lambda.zip\n+sdk/api.ts\n+\n+# dev\n+.yarn/\n+!.yarn/releases\n+!.vscode/launch.json\n+!.vscode/*.code-snippets\n+.idea/workspace.xml\n+.idea/usage.statistics.xml\n+.idea/shelf\n+.lh/\n+\n+# deps\n+node_modules/\n+\n+# env\n+.env\n+.env.production\n+\n+# logs\n+logs/\n+*.log\n+npm-debug.log*\n+yarn-debug.log*\n+yarn-error.log*\n+pnpm-debug.log*\n+lerna-debug.log*\n+\n+# misc\n+.DS_Store\n\\ No newline at end of file\n"
                },
                {
                    "date": 1746976817039,
                    "content": "Index: \n===================================================================\n--- \n+++ \n@@ -0,0 +1,33 @@\n+# prod\n+workspace/\n+lambda.zip\n+sdk/api.ts\n+\n+# dev\n+.yarn/\n+!.yarn/releases\n+!.vscode/launch.json\n+!.vscode/*.code-snippets\n+.idea/workspace.xml\n+.idea/usage.statistics.xml\n+.idea/shelf\n+.lh/\n+\n+# deps\n+node_modules/\n+\n+# env\n+.env\n+.env.production\n+\n+# logs\n+logs/\n+*.log\n+npm-debug.log*\n+yarn-debug.log*\n+yarn-error.log*\n+pnpm-debug.log*\n+lerna-debug.log*\n+\n+# misc\n+.DS_Store\n\\ No newline at end of file\n"
                },
                {
                    "date": 1748160052804,
                    "content": "Index: \n===================================================================\n--- \n+++ \n@@ -0,0 +1,33 @@\n+# prod\n+workspace/\n+lambda.zip\n+\n+# dev\n+.yarn/\n+!.yarn/releases\n+!.vscode/launch.json\n+!.vscode/*.code-snippets\n+.idea/workspace.xml\n+.idea/usage.statistics.xml\n+.idea/shelf\n+.lh/\n+\n+\n+# deps\n+node_modules/\n+\n+# env\n+.env\n+.env.production\n+\n+# logs\n+logs/\n+*.log\n+npm-debug.log*\n+yarn-debug.log*\n+yarn-error.log*\n+pnpm-debug.log*\n+lerna-debug.log*\n+\n+# misc\n+.DS_Store\n\\ No newline at end of file\n"
                }
            ],
            "date": 1746966402971,
            "name": "Commit-0",
            "content": "# prod\ndist/\nlambda.zip\nsdk/api.ts\n\n# dev\n.yarn/\n!.yarn/releases\n!.vscode/launch.json\n!.vscode/*.code-snippets\n.idea/workspace.xml\n.idea/usage.statistics.xml\n.idea/shelf\n.ih/\n\n# deps\nnode_modules/\n\n# env\n.env\n.env.production\n\n# logs\nlogs/\n*.log\nnpm-debug.log*\nyarn-debug.log*\nyarn-error.log*\npnpm-debug.log*\nlerna-debug.log*\n\n# misc\n.DS_Store"
        }
    ]
}