{
    "sourceFile": "package.json",
    "activeCommit": 0,
    "commits": [
        {
            "activePatchIndex": 15,
            "patches": [
                {
                    "date": 1746967692791,
                    "content": "Index: \n===================================================================\n--- \n+++ \n"
                },
                {
                    "date": 1746967741468,
                    "content": "Index: \n===================================================================\n--- \n+++ \n@@ -1,8 +1,9 @@\n {\n   \"name\": \"doctor_guide_api\",\n   \"type\": \"module\",\n   \"version\": \"1.0.7\",\n+  \n   \"engines\": {\n     \"node\": \">=20.0.0\",\n     \"pnpm\": \">=9.0.0\"\n   },\n"
                },
                {
                    "date": 1746967753681,
                    "content": "Index: \n===================================================================\n--- \n+++ \n@@ -0,0 +1,73 @@\n+{\n+  \"name\": \"doctor_guide_api\",\n+  \"type\": \"module\",\n+  \"version\": \"1.0.7\",\n+  \"repository\": \"\",\n+  \"engines\": {\n+    \"node\": \">=20.0.0\",\n+    \"pnpm\": \">=9.0.0\"\n+  },\n+  \"scripts\": {\n+    \"dev\": \"tsx watch src/dev.ts\",\n+    \"lambda:build\": \"esbuild --bundle --outfile=./dist/index.js --platform=node --target=node20 ./src/index.ts\",\n+    \"zip\": \"zip -j lambda.zip dist/index.js\",\n+    \"update:local\": \"aws lambda update-function-code --zip-file fileb://lambda.zip --function-name doctor_guide_api --region ap-northeast-2 --profile 166287530750_jurloogar-jaewon > lambda-update.log 2>&1 & tail -f lambda-update.log\",\n+    \"update:ci\": \"aws lambda update-function-code --zip-file fileb://lambda.zip --function-name doctor_guide_api --region ap-northeast-2 > lambda-update.log 2>&1 & tail -f lambda-update.log\",\n+    \"lambda:cleanup\": \"rimraf lambda.zip dist lambda-update.log\",\n+    \"lambda:deploy:local\": \"run-s lambda:cleanup lambda:build zip update:local lambda:cleanup\",\n+    \"lambda:deploy:ci\": \"run-s lambda:cleanup lambda:build zip update:ci lambda:cleanup\",\n+    \"prepare\": \"husky\",\n+    \"type:check\": \"tsc --skipLibCheck --noEmit --incremental --tsBuildInfoFile ./node_modules/.cache/tsc/tsbuildinfo\",\n+    \"prettier\": \"prettier --write \\\"**/*.{ts,tsx,cjs,mjs,json,html,css,js,jsx}\\\" --cache --config prettier.config.mjs\",\n+    \"eslint\": \"eslint --fix --cache --cache-location ./node_modules/.cache/eslint .\",\n+    \"format\": \"run-s type:check prettier eslint\",\n+    \"build:api\": \"swagger-typescript-api generate --path https://1acgaqfa8f.execute-api.ap-northeast-2.amazonaws.com/docs -o ./workspace -n api.ts --axios\"\n+  },\n+  \"devDependencies\": {\n+    \"@eslint/js\": \"^9.26.0\",\n+    \"@hono/node-server\": \"^1.14.1\",\n+    \"@ianvs/prettier-plugin-sort-imports\": \"^4.4.1\",\n+    \"@semantic-release/changelog\": \"^6.0.3\",\n+    \"@semantic-release/git\": \"^10.0.1\",\n+    \"@semantic-release/github\": \"^11.0.2\",\n+    \"@semantic-release/npm\": \"^12.0.1\",\n+    \"@types/lodash-es\": \"^4.17.12\",\n+    \"@types/node\": \"20\",\n+    \"@typescript-eslint/eslint-plugin\": \"^8.31.1\",\n+    \"@typescript-eslint/parser\": \"^8.31.1\",\n+    \"commander\": \"^13.1.0\",\n+    \"dotenv\": \"^16.5.0\",\n+    \"dotenv-cli\": \"^8.0.0\",\n+    \"esbuild\": \"^0.21.4\",\n+    \"eslint\": \"^9.26.0\",\n+    \"eslint-plugin-react-hooks\": \"^5.2.0\",\n+    \"eslint-plugin-react-refresh\": \"^0.4.20\",\n+    \"eslint-plugin-unused-imports\": \"^4.1.4\",\n+    \"globals\": \"^16.0.0\",\n+    \"husky\": \"^9.1.7\",\n+    \"npm-run-all2\": \"^6.2.0\",\n+    \"prettier\": \"^3.5.3\",\n+    \"prettier-plugin-classnames\": \"^0.7.8\",\n+    \"prettier-plugin-css-order\": \"^2.1.2\",\n+    \"rimraf\": \"^6.0.1\",\n+    \"semantic-release\": \"^24.2.3\",\n+    \"tsx\": \"^4.19.4\",\n+    \"typescript\": \"^5.8.3\",\n+    \"typescript-eslint\": \"^8.31.1\",\n+    \"zx\": \"^8.5.3\"\n+  },\n+  \"dependencies\": {\n+    \"@aws-sdk/client-dynamodb\": \"^3.803.0\",\n+    \"@aws-sdk/credential-providers\": \"^3.803.0\",\n+    \"@aws-sdk/lib-dynamodb\": \"^3.803.0\",\n+    \"@hono/swagger-ui\": \"^0.5.1\",\n+    \"@hono/zod-validator\": \"^0.5.0\",\n+    \"electrodb\": \"^3.4.1\",\n+    \"hono\": \"^4.7.8\",\n+    \"hono-openapi\": \"^0.4.8\",\n+    \"lodash-es\": \"^4.17.21\",\n+    \"swagger-typescript-api\": \"^13.1.3\",\n+    \"zod\": \"^3.24.4\",\n+    \"zod-openapi\": \"^4.2.4\"\n+  }\n+}\n"
                },
                {
                    "date": 1746967769041,
                    "content": "Index: \n===================================================================\n--- \n+++ \n@@ -1,9 +1,11 @@\n {\n   \"name\": \"doctor_guide_api\",\n   \"type\": \"module\",\n   \"version\": \"1.0.7\",\n-  \"repository\": \"\",\n+  \"repository\": {\n+    url: \"\"\n+  },\n   \"engines\": {\n     \"node\": \">=20.0.0\",\n     \"pnpm\": \">=9.0.0\"\n   },\n@@ -70,77 +72,4 @@\n     \"zod\": \"^3.24.4\",\n     \"zod-openapi\": \"^4.2.4\"\n   }\n }\n-{\n-  \"name\": \"doctor_guide_api\",\n-  \"type\": \"module\",\n-  \"version\": \"1.0.7\",\n-  \n-  \"engines\": {\n-    \"node\": \">=20.0.0\",\n-    \"pnpm\": \">=9.0.0\"\n-  },\n-  \"scripts\": {\n-    \"dev\": \"tsx watch src/dev.ts\",\n-    \"lambda:build\": \"esbuild --bundle --outfile=./dist/index.js --platform=node --target=node20 ./src/index.ts\",\n-    \"zip\": \"zip -j lambda.zip dist/index.js\",\n-    \"update:local\": \"aws lambda update-function-code --zip-file fileb://lambda.zip --function-name doctor_guide_api --region ap-northeast-2 --profile 166287530750_jurloogar-jaewon > lambda-update.log 2>&1 & tail -f lambda-update.log\",\n-    \"update:ci\": \"aws lambda update-function-code --zip-file fileb://lambda.zip --function-name doctor_guide_api --region ap-northeast-2 > lambda-update.log 2>&1 & tail -f lambda-update.log\",\n-    \"lambda:cleanup\": \"rimraf lambda.zip dist lambda-update.log\",\n-    \"lambda:deploy:local\": \"run-s lambda:cleanup lambda:build zip update:local lambda:cleanup\",\n-    \"lambda:deploy:ci\": \"run-s lambda:cleanup lambda:build zip update:ci lambda:cleanup\",\n-    \"prepare\": \"husky\",\n-    \"type:check\": \"tsc --skipLibCheck --noEmit --incremental --tsBuildInfoFile ./node_modules/.cache/tsc/tsbuildinfo\",\n-    \"prettier\": \"prettier --write \\\"**/*.{ts,tsx,cjs,mjs,json,html,css,js,jsx}\\\" --cache --config prettier.config.mjs\",\n-    \"eslint\": \"eslint --fix --cache --cache-location ./node_modules/.cache/eslint .\",\n-    \"format\": \"run-s type:check prettier eslint\",\n-    \"build:api\": \"swagger-typescript-api generate --path https://1acgaqfa8f.execute-api.ap-northeast-2.amazonaws.com/docs -o ./workspaces -n api.ts --axios\"\n-  },\n-  \"devDependencies\": {\n-    \"@eslint/js\": \"^9.26.0\",\n-    \"@hono/node-server\": \"^1.14.1\",\n-    \"@ianvs/prettier-plugin-sort-imports\": \"^4.4.1\",\n-    \"@semantic-release/changelog\": \"^6.0.3\",\n-    \"@semantic-release/git\": \"^10.0.1\",\n-    \"@semantic-release/github\": \"^11.0.2\",\n-    \"@semantic-release/npm\": \"^12.0.1\",\n-    \"@types/lodash-es\": \"^4.17.12\",\n-    \"@types/node\": \"20\",\n-    \"@typescript-eslint/eslint-plugin\": \"^8.31.1\",\n-    \"@typescript-eslint/parser\": \"^8.31.1\",\n-    \"commander\": \"^13.1.0\",\n-    \"dotenv\": \"^16.5.0\",\n-    \"dotenv-cli\": \"^8.0.0\",\n-    \"esbuild\": \"^0.21.4\",\n-    \"eslint\": \"^9.26.0\",\n-    \"eslint-plugin-react-hooks\": \"^5.2.0\",\n-    \"eslint-plugin-react-refresh\": \"^0.4.20\",\n-    \"eslint-plugin-unused-imports\": \"^4.1.4\",\n-    \"globals\": \"^16.0.0\",\n-    \"husky\": \"^9.1.7\",\n-    \"npm-run-all2\": \"^6.2.0\",\n-    \"prettier\": \"^3.5.3\",\n-    \"prettier-plugin-classnames\": \"^0.7.8\",\n-    \"prettier-plugin-css-order\": \"^2.1.2\",\n-    \"rimraf\": \"^6.0.1\",\n-    \"semantic-release\": \"^24.2.3\",\n-    \"tsx\": \"^4.19.4\",\n-    \"typescript\": \"^5.8.3\",\n-    \"typescript-eslint\": \"^8.31.1\",\n-    \"zx\": \"^8.5.3\"\n-  },\n-  \"dependencies\": {\n-    \"@aws-sdk/client-dynamodb\": \"^3.803.0\",\n-    \"@aws-sdk/credential-providers\": \"^3.803.0\",\n-    \"@aws-sdk/lib-dynamodb\": \"^3.803.0\",\n-    \"@hono/swagger-ui\": \"^0.5.1\",\n-    \"@hono/zod-validator\": \"^0.5.0\",\n-    \"electrodb\": \"^3.4.1\",\n-    \"hono\": \"^4.7.8\",\n-    \"hono-openapi\": \"^0.4.8\",\n-    \"lodash-es\": \"^4.17.21\",\n-    \"swagger-typescript-api\": \"^13.1.3\",\n-    \"zod\": \"^3.24.4\",\n-    \"zod-openapi\": \"^4.2.4\"\n-  }\n-}\n"
                },
                {
                    "date": 1746967777399,
                    "content": "Index: \n===================================================================\n--- \n+++ \n@@ -0,0 +1,75 @@\n+{\n+  \"name\": \"doctor_guide_api\",\n+  \"type\": \"module\",\n+  \"version\": \"1.0.7\",\n+  \"repository\": {\n+    url: \"https://github.com/Julooga/doctor_guide_api.git\"\n+  },\n+  \"engines\": {\n+    \"node\": \">=20.0.0\",\n+    \"pnpm\": \">=9.0.0\"\n+  },\n+  \"scripts\": {\n+    \"dev\": \"tsx watch src/dev.ts\",\n+    \"lambda:build\": \"esbuild --bundle --outfile=./dist/index.js --platform=node --target=node20 ./src/index.ts\",\n+    \"zip\": \"zip -j lambda.zip dist/index.js\",\n+    \"update:local\": \"aws lambda update-function-code --zip-file fileb://lambda.zip --function-name doctor_guide_api --region ap-northeast-2 --profile 166287530750_jurloogar-jaewon > lambda-update.log 2>&1 & tail -f lambda-update.log\",\n+    \"update:ci\": \"aws lambda update-function-code --zip-file fileb://lambda.zip --function-name doctor_guide_api --region ap-northeast-2 > lambda-update.log 2>&1 & tail -f lambda-update.log\",\n+    \"lambda:cleanup\": \"rimraf lambda.zip dist lambda-update.log\",\n+    \"lambda:deploy:local\": \"run-s lambda:cleanup lambda:build zip update:local lambda:cleanup\",\n+    \"lambda:deploy:ci\": \"run-s lambda:cleanup lambda:build zip update:ci lambda:cleanup\",\n+    \"prepare\": \"husky\",\n+    \"type:check\": \"tsc --skipLibCheck --noEmit --incremental --tsBuildInfoFile ./node_modules/.cache/tsc/tsbuildinfo\",\n+    \"prettier\": \"prettier --write \\\"**/*.{ts,tsx,cjs,mjs,json,html,css,js,jsx}\\\" --cache --config prettier.config.mjs\",\n+    \"eslint\": \"eslint --fix --cache --cache-location ./node_modules/.cache/eslint .\",\n+    \"format\": \"run-s type:check prettier eslint\",\n+    \"build:api\": \"swagger-typescript-api generate --path https://1acgaqfa8f.execute-api.ap-northeast-2.amazonaws.com/docs -o ./workspace -n api.ts --axios\"\n+  },\n+  \"devDependencies\": {\n+    \"@eslint/js\": \"^9.26.0\",\n+    \"@hono/node-server\": \"^1.14.1\",\n+    \"@ianvs/prettier-plugin-sort-imports\": \"^4.4.1\",\n+    \"@semantic-release/changelog\": \"^6.0.3\",\n+    \"@semantic-release/git\": \"^10.0.1\",\n+    \"@semantic-release/github\": \"^11.0.2\",\n+    \"@semantic-release/npm\": \"^12.0.1\",\n+    \"@types/lodash-es\": \"^4.17.12\",\n+    \"@types/node\": \"20\",\n+    \"@typescript-eslint/eslint-plugin\": \"^8.31.1\",\n+    \"@typescript-eslint/parser\": \"^8.31.1\",\n+    \"commander\": \"^13.1.0\",\n+    \"dotenv\": \"^16.5.0\",\n+    \"dotenv-cli\": \"^8.0.0\",\n+    \"esbuild\": \"^0.21.4\",\n+    \"eslint\": \"^9.26.0\",\n+    \"eslint-plugin-react-hooks\": \"^5.2.0\",\n+    \"eslint-plugin-react-refresh\": \"^0.4.20\",\n+    \"eslint-plugin-unused-imports\": \"^4.1.4\",\n+    \"globals\": \"^16.0.0\",\n+    \"husky\": \"^9.1.7\",\n+    \"npm-run-all2\": \"^6.2.0\",\n+    \"prettier\": \"^3.5.3\",\n+    \"prettier-plugin-classnames\": \"^0.7.8\",\n+    \"prettier-plugin-css-order\": \"^2.1.2\",\n+    \"rimraf\": \"^6.0.1\",\n+    \"semantic-release\": \"^24.2.3\",\n+    \"tsx\": \"^4.19.4\",\n+    \"typescript\": \"^5.8.3\",\n+    \"typescript-eslint\": \"^8.31.1\",\n+    \"zx\": \"^8.5.3\"\n+  },\n+  \"dependencies\": {\n+    \"@aws-sdk/client-dynamodb\": \"^3.803.0\",\n+    \"@aws-sdk/credential-providers\": \"^3.803.0\",\n+    \"@aws-sdk/lib-dynamodb\": \"^3.803.0\",\n+    \"@hono/swagger-ui\": \"^0.5.1\",\n+    \"@hono/zod-validator\": \"^0.5.0\",\n+    \"electrodb\": \"^3.4.1\",\n+    \"hono\": \"^4.7.8\",\n+    \"hono-openapi\": \"^0.4.8\",\n+    \"lodash-es\": \"^4.17.21\",\n+    \"swagger-typescript-api\": \"^13.1.3\",\n+    \"zod\": \"^3.24.4\",\n+    \"zod-openapi\": \"^4.2.4\"\n+  }\n+}\n"
                },
                {
                    "date": 1746967803079,
                    "content": "Index: \n===================================================================\n--- \n+++ \n@@ -2,9 +2,9 @@\n   \"name\": \"doctor_guide_api\",\n   \"type\": \"module\",\n   \"version\": \"1.0.7\",\n   \"repository\": {\n-    url: \"https://github.com/Julooga/doctor_guide_api.git\"\n+    \"url\": \"https://github.com/Julooga/doctor_guide_api.git\"\n   },\n   \"engines\": {\n     \"node\": \">=20.0.0\",\n     \"pnpm\": \">=9.0.0\"\n@@ -72,79 +72,4 @@\n     \"zod\": \"^3.24.4\",\n     \"zod-openapi\": \"^4.2.4\"\n   }\n }\n-{\n-  \"name\": \"doctor_guide_api\",\n-  \"type\": \"module\",\n-  \"version\": \"1.0.7\",\n-  \"repository\": {\n-    url: \"\"\n-  },\n-  \"engines\": {\n-    \"node\": \">=20.0.0\",\n-    \"pnpm\": \">=9.0.0\"\n-  },\n-  \"scripts\": {\n-    \"dev\": \"tsx watch src/dev.ts\",\n-    \"lambda:build\": \"esbuild --bundle --outfile=./dist/index.js --platform=node --target=node20 ./src/index.ts\",\n-    \"zip\": \"zip -j lambda.zip dist/index.js\",\n-    \"update:local\": \"aws lambda update-function-code --zip-file fileb://lambda.zip --function-name doctor_guide_api --region ap-northeast-2 --profile 166287530750_jurloogar-jaewon > lambda-update.log 2>&1 & tail -f lambda-update.log\",\n-    \"update:ci\": \"aws lambda update-function-code --zip-file fileb://lambda.zip --function-name doctor_guide_api --region ap-northeast-2 > lambda-update.log 2>&1 & tail -f lambda-update.log\",\n-    \"lambda:cleanup\": \"rimraf lambda.zip dist lambda-update.log\",\n-    \"lambda:deploy:local\": \"run-s lambda:cleanup lambda:build zip update:local lambda:cleanup\",\n-    \"lambda:deploy:ci\": \"run-s lambda:cleanup lambda:build zip update:ci lambda:cleanup\",\n-    \"prepare\": \"husky\",\n-    \"type:check\": \"tsc --skipLibCheck --noEmit --incremental --tsBuildInfoFile ./node_modules/.cache/tsc/tsbuildinfo\",\n-    \"prettier\": \"prettier --write \\\"**/*.{ts,tsx,cjs,mjs,json,html,css,js,jsx}\\\" --cache --config prettier.config.mjs\",\n-    \"eslint\": \"eslint --fix --cache --cache-location ./node_modules/.cache/eslint .\",\n-    \"format\": \"run-s type:check prettier eslint\",\n-    \"build:api\": \"swagger-typescript-api generate --path https://1acgaqfa8f.execute-api.ap-northeast-2.amazonaws.com/docs -o ./workspace -n api.ts --axios\"\n-  },\n-  \"devDependencies\": {\n-    \"@eslint/js\": \"^9.26.0\",\n-    \"@hono/node-server\": \"^1.14.1\",\n-    \"@ianvs/prettier-plugin-sort-imports\": \"^4.4.1\",\n-    \"@semantic-release/changelog\": \"^6.0.3\",\n-    \"@semantic-release/git\": \"^10.0.1\",\n-    \"@semantic-release/github\": \"^11.0.2\",\n-    \"@semantic-release/npm\": \"^12.0.1\",\n-    \"@types/lodash-es\": \"^4.17.12\",\n-    \"@types/node\": \"20\",\n-    \"@typescript-eslint/eslint-plugin\": \"^8.31.1\",\n-    \"@typescript-eslint/parser\": \"^8.31.1\",\n-    \"commander\": \"^13.1.0\",\n-    \"dotenv\": \"^16.5.0\",\n-    \"dotenv-cli\": \"^8.0.0\",\n-    \"esbuild\": \"^0.21.4\",\n-    \"eslint\": \"^9.26.0\",\n-    \"eslint-plugin-react-hooks\": \"^5.2.0\",\n-    \"eslint-plugin-react-refresh\": \"^0.4.20\",\n-    \"eslint-plugin-unused-imports\": \"^4.1.4\",\n-    \"globals\": \"^16.0.0\",\n-    \"husky\": \"^9.1.7\",\n-    \"npm-run-all2\": \"^6.2.0\",\n-    \"prettier\": \"^3.5.3\",\n-    \"prettier-plugin-classnames\": \"^0.7.8\",\n-    \"prettier-plugin-css-order\": \"^2.1.2\",\n-    \"rimraf\": \"^6.0.1\",\n-    \"semantic-release\": \"^24.2.3\",\n-    \"tsx\": \"^4.19.4\",\n-    \"typescript\": \"^5.8.3\",\n-    \"typescript-eslint\": \"^8.31.1\",\n-    \"zx\": \"^8.5.3\"\n-  },\n-  \"dependencies\": {\n-    \"@aws-sdk/client-dynamodb\": \"^3.803.0\",\n-    \"@aws-sdk/credential-providers\": \"^3.803.0\",\n-    \"@aws-sdk/lib-dynamodb\": \"^3.803.0\",\n-    \"@hono/swagger-ui\": \"^0.5.1\",\n-    \"@hono/zod-validator\": \"^0.5.0\",\n-    \"electrodb\": \"^3.4.1\",\n-    \"hono\": \"^4.7.8\",\n-    \"hono-openapi\": \"^0.4.8\",\n-    \"lodash-es\": \"^4.17.21\",\n-    \"swagger-typescript-api\": \"^13.1.3\",\n-    \"zod\": \"^3.24.4\",\n-    \"zod-openapi\": \"^4.2.4\"\n-  }\n-}\n"
                },
                {
                    "date": 1746967923042,
                    "content": "Index: \n===================================================================\n--- \n+++ \n@@ -0,0 +1,76 @@\n+{\n+  \"name\": \"doctor_guide_api\",\n+  \"type\": \"module\",\n+  \"version\": \"1.0.7\",\n+  \"repository\": {\n+    \"type\": \"git\",\n+    \"url\": \"https://github.com/Julooga/doctor_guide_api.git\"\n+  },\n+  \"engines\": {\n+    \"node\": \">=20.0.0\",\n+    \"pnpm\": \">=9.0.0\"\n+  },\n+  \"scripts\": {\n+    \"dev\": \"tsx watch src/dev.ts\",\n+    \"lambda:build\": \"esbuild --bundle --outfile=./dist/index.js --platform=node --target=node20 ./src/index.ts\",\n+    \"zip\": \"zip -j lambda.zip dist/index.js\",\n+    \"update:local\": \"aws lambda update-function-code --zip-file fileb://lambda.zip --function-name doctor_guide_api --region ap-northeast-2 --profile 166287530750_jurloogar-jaewon > lambda-update.log 2>&1 & tail -f lambda-update.log\",\n+    \"update:ci\": \"aws lambda update-function-code --zip-file fileb://lambda.zip --function-name doctor_guide_api --region ap-northeast-2 > lambda-update.log 2>&1 & tail -f lambda-update.log\",\n+    \"lambda:cleanup\": \"rimraf lambda.zip dist lambda-update.log\",\n+    \"lambda:deploy:local\": \"run-s lambda:cleanup lambda:build zip update:local lambda:cleanup\",\n+    \"lambda:deploy:ci\": \"run-s lambda:cleanup lambda:build zip update:ci lambda:cleanup\",\n+    \"prepare\": \"husky\",\n+    \"type:check\": \"tsc --skipLibCheck --noEmit --incremental --tsBuildInfoFile ./node_modules/.cache/tsc/tsbuildinfo\",\n+    \"prettier\": \"prettier --write \\\"**/*.{ts,tsx,cjs,mjs,json,html,css,js,jsx}\\\" --cache --config prettier.config.mjs\",\n+    \"eslint\": \"eslint --fix --cache --cache-location ./node_modules/.cache/eslint .\",\n+    \"format\": \"run-s type:check prettier eslint\",\n+    \"build:api\": \"swagger-typescript-api generate --path https://1acgaqfa8f.execute-api.ap-northeast-2.amazonaws.com/docs -o ./workspace -n api.ts --axios\"\n+  },\n+  \"devDependencies\": {\n+    \"@eslint/js\": \"^9.26.0\",\n+    \"@hono/node-server\": \"^1.14.1\",\n+    \"@ianvs/prettier-plugin-sort-imports\": \"^4.4.1\",\n+    \"@semantic-release/changelog\": \"^6.0.3\",\n+    \"@semantic-release/git\": \"^10.0.1\",\n+    \"@semantic-release/github\": \"^11.0.2\",\n+    \"@semantic-release/npm\": \"^12.0.1\",\n+    \"@types/lodash-es\": \"^4.17.12\",\n+    \"@types/node\": \"20\",\n+    \"@typescript-eslint/eslint-plugin\": \"^8.31.1\",\n+    \"@typescript-eslint/parser\": \"^8.31.1\",\n+    \"commander\": \"^13.1.0\",\n+    \"dotenv\": \"^16.5.0\",\n+    \"dotenv-cli\": \"^8.0.0\",\n+    \"esbuild\": \"^0.21.4\",\n+    \"eslint\": \"^9.26.0\",\n+    \"eslint-plugin-react-hooks\": \"^5.2.0\",\n+    \"eslint-plugin-react-refresh\": \"^0.4.20\",\n+    \"eslint-plugin-unused-imports\": \"^4.1.4\",\n+    \"globals\": \"^16.0.0\",\n+    \"husky\": \"^9.1.7\",\n+    \"npm-run-all2\": \"^6.2.0\",\n+    \"prettier\": \"^3.5.3\",\n+    \"prettier-plugin-classnames\": \"^0.7.8\",\n+    \"prettier-plugin-css-order\": \"^2.1.2\",\n+    \"rimraf\": \"^6.0.1\",\n+    \"semantic-release\": \"^24.2.3\",\n+    \"tsx\": \"^4.19.4\",\n+    \"typescript\": \"^5.8.3\",\n+    \"typescript-eslint\": \"^8.31.1\",\n+    \"zx\": \"^8.5.3\"\n+  },\n+  \"dependencies\": {\n+    \"@aws-sdk/client-dynamodb\": \"^3.803.0\",\n+    \"@aws-sdk/credential-providers\": \"^3.803.0\",\n+    \"@aws-sdk/lib-dynamodb\": \"^3.803.0\",\n+    \"@hono/swagger-ui\": \"^0.5.1\",\n+    \"@hono/zod-validator\": \"^0.5.0\",\n+    \"electrodb\": \"^3.4.1\",\n+    \"hono\": \"^4.7.8\",\n+    \"hono-openapi\": \"^0.4.8\",\n+    \"lodash-es\": \"^4.17.21\",\n+    \"swagger-typescript-api\": \"^13.1.3\",\n+    \"zod\": \"^3.24.4\",\n+    \"zod-openapi\": \"^4.2.4\"\n+  }\n+}\n"
                },
                {
                    "date": 1747011323602,
                    "content": "Index: \n===================================================================\n--- \n+++ \n@@ -1,8 +1,8 @@\n {\n   \"name\": \"doctor_guide_api\",\n   \"type\": \"module\",\n-  \"version\": \"1.0.7\",\n+  \"version\": \"1.2.0\",\n   \"repository\": {\n     \"type\": \"git\",\n     \"url\": \"https://github.com/Julooga/doctor_guide_api.git\"\n   },\n@@ -17,9 +17,9 @@\n     \"update:local\": \"aws lambda update-function-code --zip-file fileb://lambda.zip --function-name doctor_guide_api --region ap-northeast-2 --profile 166287530750_jurloogar-jaewon > lambda-update.log 2>&1 & tail -f lambda-update.log\",\n     \"update:ci\": \"aws lambda update-function-code --zip-file fileb://lambda.zip --function-name doctor_guide_api --region ap-northeast-2 > lambda-update.log 2>&1 & tail -f lambda-update.log\",\n     \"lambda:cleanup\": \"rimraf lambda.zip dist lambda-update.log\",\n     \"lambda:deploy:local\": \"run-s lambda:cleanup lambda:build zip update:local lambda:cleanup\",\n-    \"lambda:deploy:ci\": \"run-s lambda:cleanup lambda:build zip update:ci lambda:cleanup\",\n+    \"lambda:deploy:ci\": \"run-s lambda:cleanup lambda:build zip update:ci\",\n     \"prepare\": \"husky\",\n     \"type:check\": \"tsc --skipLibCheck --noEmit --incremental --tsBuildInfoFile ./node_modules/.cache/tsc/tsbuildinfo\",\n     \"prettier\": \"prettier --write \\\"**/*.{ts,tsx,cjs,mjs,json,html,css,js,jsx}\\\" --cache --config prettier.config.mjs\",\n     \"eslint\": \"eslint --fix --cache --cache-location ./node_modules/.cache/eslint .\",\n@@ -73,79 +73,4 @@\n     \"zod\": \"^3.24.4\",\n     \"zod-openapi\": \"^4.2.4\"\n   }\n }\n-{\n-  \"name\": \"doctor_guide_api\",\n-  \"type\": \"module\",\n-  \"version\": \"1.0.7\",\n-  \"repository\": {\n-    \"url\": \"https://github.com/Julooga/doctor_guide_api.git\"\n-  },\n-  \"engines\": {\n-    \"node\": \">=20.0.0\",\n-    \"pnpm\": \">=9.0.0\"\n-  },\n-  \"scripts\": {\n-    \"dev\": \"tsx watch src/dev.ts\",\n-    \"lambda:build\": \"esbuild --bundle --outfile=./dist/index.js --platform=node --target=node20 ./src/index.ts\",\n-    \"zip\": \"zip -j lambda.zip dist/index.js\",\n-    \"update:local\": \"aws lambda update-function-code --zip-file fileb://lambda.zip --function-name doctor_guide_api --region ap-northeast-2 --profile 166287530750_jurloogar-jaewon > lambda-update.log 2>&1 & tail -f lambda-update.log\",\n-    \"update:ci\": \"aws lambda update-function-code --zip-file fileb://lambda.zip --function-name doctor_guide_api --region ap-northeast-2 > lambda-update.log 2>&1 & tail -f lambda-update.log\",\n-    \"lambda:cleanup\": \"rimraf lambda.zip dist lambda-update.log\",\n-    \"lambda:deploy:local\": \"run-s lambda:cleanup lambda:build zip update:local lambda:cleanup\",\n-    \"lambda:deploy:ci\": \"run-s lambda:cleanup lambda:build zip update:ci lambda:cleanup\",\n-    \"prepare\": \"husky\",\n-    \"type:check\": \"tsc --skipLibCheck --noEmit --incremental --tsBuildInfoFile ./node_modules/.cache/tsc/tsbuildinfo\",\n-    \"prettier\": \"prettier --write \\\"**/*.{ts,tsx,cjs,mjs,json,html,css,js,jsx}\\\" --cache --config prettier.config.mjs\",\n-    \"eslint\": \"eslint --fix --cache --cache-location ./node_modules/.cache/eslint .\",\n-    \"format\": \"run-s type:check prettier eslint\",\n-    \"build:api\": \"swagger-typescript-api generate --path https://1acgaqfa8f.execute-api.ap-northeast-2.amazonaws.com/docs -o ./workspace -n api.ts --axios\"\n-  },\n-  \"devDependencies\": {\n-    \"@eslint/js\": \"^9.26.0\",\n-    \"@hono/node-server\": \"^1.14.1\",\n-    \"@ianvs/prettier-plugin-sort-imports\": \"^4.4.1\",\n-    \"@semantic-release/changelog\": \"^6.0.3\",\n-    \"@semantic-release/git\": \"^10.0.1\",\n-    \"@semantic-release/github\": \"^11.0.2\",\n-    \"@semantic-release/npm\": \"^12.0.1\",\n-    \"@types/lodash-es\": \"^4.17.12\",\n-    \"@types/node\": \"20\",\n-    \"@typescript-eslint/eslint-plugin\": \"^8.31.1\",\n-    \"@typescript-eslint/parser\": \"^8.31.1\",\n-    \"commander\": \"^13.1.0\",\n-    \"dotenv\": \"^16.5.0\",\n-    \"dotenv-cli\": \"^8.0.0\",\n-    \"esbuild\": \"^0.21.4\",\n-    \"eslint\": \"^9.26.0\",\n-    \"eslint-plugin-react-hooks\": \"^5.2.0\",\n-    \"eslint-plugin-react-refresh\": \"^0.4.20\",\n-    \"eslint-plugin-unused-imports\": \"^4.1.4\",\n-    \"globals\": \"^16.0.0\",\n-    \"husky\": \"^9.1.7\",\n-    \"npm-run-all2\": \"^6.2.0\",\n-    \"prettier\": \"^3.5.3\",\n-    \"prettier-plugin-classnames\": \"^0.7.8\",\n-    \"prettier-plugin-css-order\": \"^2.1.2\",\n-    \"rimraf\": \"^6.0.1\",\n-    \"semantic-release\": \"^24.2.3\",\n-    \"tsx\": \"^4.19.4\",\n-    \"typescript\": \"^5.8.3\",\n-    \"typescript-eslint\": \"^8.31.1\",\n-    \"zx\": \"^8.5.3\"\n-  },\n-  \"dependencies\": {\n-    \"@aws-sdk/client-dynamodb\": \"^3.803.0\",\n-    \"@aws-sdk/credential-providers\": \"^3.803.0\",\n-    \"@aws-sdk/lib-dynamodb\": \"^3.803.0\",\n-    \"@hono/swagger-ui\": \"^0.5.1\",\n-    \"@hono/zod-validator\": \"^0.5.0\",\n-    \"electrodb\": \"^3.4.1\",\n-    \"hono\": \"^4.7.8\",\n-    \"hono-openapi\": \"^0.4.8\",\n-    \"lodash-es\": \"^4.17.21\",\n-    \"swagger-typescript-api\": \"^13.1.3\",\n-    \"zod\": \"^3.24.4\",\n-    \"zod-openapi\": \"^4.2.4\"\n-  }\n-}\n"
                },
                {
                    "date": 1747011355068,
                    "content": "Index: \n===================================================================\n--- \n+++ \n@@ -17,9 +17,9 @@\n     \"update:local\": \"aws lambda update-function-code --zip-file fileb://lambda.zip --function-name doctor_guide_api --region ap-northeast-2 --profile 166287530750_jurloogar-jaewon > lambda-update.log 2>&1 & tail -f lambda-update.log\",\n     \"update:ci\": \"aws lambda update-function-code --zip-file fileb://lambda.zip --function-name doctor_guide_api --region ap-northeast-2 > lambda-update.log 2>&1 & tail -f lambda-update.log\",\n     \"lambda:cleanup\": \"rimraf lambda.zip dist lambda-update.log\",\n     \"lambda:deploy:local\": \"run-s lambda:cleanup lambda:build zip update:local lambda:cleanup\",\n-    \"lambda:deploy:ci\": \"run-s lambda:cleanup lambda:build zip update:ci\",\n+    \"lambda:deploy:ci\": \"run-s lambda:cleanup lambda:build zip update:ci lambda:cleanup\",\n     \"prepare\": \"husky\",\n     \"type:check\": \"tsc --skipLibCheck --noEmit --incremental --tsBuildInfoFile ./node_modules/.cache/tsc/tsbuildinfo\",\n     \"prettier\": \"prettier --write \\\"**/*.{ts,tsx,cjs,mjs,json,html,css,js,jsx}\\\" --cache --config prettier.config.mjs\",\n     \"eslint\": \"eslint --fix --cache --cache-location ./node_modules/.cache/eslint .\",\n"
                },
                {
                    "date": 1747011419433,
                    "content": "Index: \n===================================================================\n--- \n+++ \n@@ -17,9 +17,9 @@\n     \"update:local\": \"aws lambda update-function-code --zip-file fileb://lambda.zip --function-name doctor_guide_api --region ap-northeast-2 --profile 166287530750_jurloogar-jaewon > lambda-update.log 2>&1 & tail -f lambda-update.log\",\n     \"update:ci\": \"aws lambda update-function-code --zip-file fileb://lambda.zip --function-name doctor_guide_api --region ap-northeast-2 > lambda-update.log 2>&1 & tail -f lambda-update.log\",\n     \"lambda:cleanup\": \"rimraf lambda.zip dist lambda-update.log\",\n     \"lambda:deploy:local\": \"run-s lambda:cleanup lambda:build zip update:local lambda:cleanup\",\n-    \"lambda:deploy:ci\": \"run-s lambda:cleanup lambda:build zip update:ci lambda:cleanup\",\n+    \"lambda:deploy:ci\": \"run-s lambda:cleanup lambda:build zip update:ci\",\n     \"prepare\": \"husky\",\n     \"type:check\": \"tsc --skipLibCheck --noEmit --incremental --tsBuildInfoFile ./node_modules/.cache/tsc/tsbuildinfo\",\n     \"prettier\": \"prettier --write \\\"**/*.{ts,tsx,cjs,mjs,json,html,css,js,jsx}\\\" --cache --config prettier.config.mjs\",\n     \"eslint\": \"eslint --fix --cache --cache-location ./node_modules/.cache/eslint .\",\n"
                },
                {
                    "date": 1747011759236,
                    "content": "Index: \n===================================================================\n--- \n+++ \n@@ -1,8 +1,8 @@\n {\n   \"name\": \"doctor_guide_api\",\n   \"type\": \"module\",\n-  \"version\": \"1.2.0\",\n+  \"version\": \"1.2.1\",\n   \"repository\": {\n     \"type\": \"git\",\n     \"url\": \"https://github.com/Julooga/doctor_guide_api.git\"\n   },\n@@ -13,10 +13,10 @@\n   \"scripts\": {\n     \"dev\": \"tsx watch src/dev.ts\",\n     \"lambda:build\": \"esbuild --bundle --outfile=./dist/index.js --platform=node --target=node20 ./src/index.ts\",\n     \"zip\": \"zip -j lambda.zip dist/index.js\",\n-    \"update:local\": \"aws lambda update-function-code --zip-file fileb://lambda.zip --function-name doctor_guide_api --region ap-northeast-2 --profile 166287530750_jurloogar-jaewon > lambda-update.log 2>&1 & tail -f lambda-update.log\",\n-    \"update:ci\": \"aws lambda update-function-code --zip-file fileb://lambda.zip --function-name doctor_guide_api --region ap-northeast-2 > lambda-update.log 2>&1 & tail -f lambda-update.log\",\n+    \"update:local\": \"aws lambda update-function-code --zip-file fileb://lambda.zip --function-name doctor_guide_api --region ap-northeast-2 --profile 166287530750_jurloogar-jaewon --query 'LastUpdateStatus' --output text\",\n+    \"update:ci\": \"aws lambda update-function-code --zip-file fileb://lambda.zip --function-name doctor_guide_api --region ap-northeast-2 --query 'LastUpdateStatus' --output text\",\n     \"lambda:cleanup\": \"rimraf lambda.zip dist lambda-update.log\",\n     \"lambda:deploy:local\": \"run-s lambda:cleanup lambda:build zip update:local lambda:cleanup\",\n     \"lambda:deploy:ci\": \"run-s lambda:cleanup lambda:build zip update:ci\",\n     \"prepare\": \"husky\",\n"
                },
                {
                    "date": 1747019930064,
                    "content": "Index: \n===================================================================\n--- \n+++ \n@@ -1,8 +1,8 @@\n {\n   \"name\": \"doctor_guide_api\",\n   \"type\": \"module\",\n-  \"version\": \"1.2.1\",\n+  \"version\": \"1.2.2\",\n   \"repository\": {\n     \"type\": \"git\",\n     \"url\": \"https://github.com/Julooga/doctor_guide_api.git\"\n   },\n@@ -17,9 +17,9 @@\n     \"update:local\": \"aws lambda update-function-code --zip-file fileb://lambda.zip --function-name doctor_guide_api --region ap-northeast-2 --profile 166287530750_jurloogar-jaewon --query 'LastUpdateStatus' --output text\",\n     \"update:ci\": \"aws lambda update-function-code --zip-file fileb://lambda.zip --function-name doctor_guide_api --region ap-northeast-2 --query 'LastUpdateStatus' --output text\",\n     \"lambda:cleanup\": \"rimraf lambda.zip dist lambda-update.log\",\n     \"lambda:deploy:local\": \"run-s lambda:cleanup lambda:build zip update:local lambda:cleanup\",\n-    \"lambda:deploy:ci\": \"run-s lambda:cleanup lambda:build zip update:ci\",\n+    \"lambda:deploy:ci\": \"run-s lambda:cleanup lambda:build zip update:ci lambda:cleanup\",\n     \"prepare\": \"husky\",\n     \"type:check\": \"tsc --skipLibCheck --noEmit --incremental --tsBuildInfoFile ./node_modules/.cache/tsc/tsbuildinfo\",\n     \"prettier\": \"prettier --write \\\"**/*.{ts,tsx,cjs,mjs,json,html,css,js,jsx}\\\" --cache --config prettier.config.mjs\",\n     \"eslint\": \"eslint --fix --cache --cache-location ./node_modules/.cache/eslint .\",\n"
                },
                {
                    "date": 1747020158160,
                    "content": "Index: \n===================================================================\n--- \n+++ \n@@ -13,10 +13,10 @@\n   \"scripts\": {\n     \"dev\": \"tsx watch src/dev.ts\",\n     \"lambda:build\": \"esbuild --bundle --outfile=./dist/index.js --platform=node --target=node20 ./src/index.ts\",\n     \"zip\": \"zip -j lambda.zip dist/index.js\",\n-    \"update:local\": \"aws lambda update-function-code --zip-file fileb://lambda.zip --function-name doctor_guide_api --region ap-northeast-2 --profile 166287530750_jurloogar-jaewon --query 'LastUpdateStatus' --output text\",\n-    \"update:ci\": \"aws lambda update-function-code --zip-file fileb://lambda.zip --function-name doctor_guide_api --region ap-northeast-2 --query 'LastUpdateStatus' --output text\",\n+    \"update:local\": \"(aws lambda update-function-code --zip-file fileb://lambda.zip --function-name doctor_guide_api --region ap-northeast-2 --profile 166287530750_jurloogar-jaewon > /dev/null 2>&1 &) && echo 'Lambda update started in background'\",\n+    \"update:ci\": \"aws lambda update-function-code --zip-file fileb://lambda.zip --function-name doctor_guide_api --region ap-northeast-2 > /dev/null 2>&1 &) && echo 'Lambda update started in background'\",\n     \"lambda:cleanup\": \"rimraf lambda.zip dist lambda-update.log\",\n     \"lambda:deploy:local\": \"run-s lambda:cleanup lambda:build zip update:local lambda:cleanup\",\n     \"lambda:deploy:ci\": \"run-s lambda:cleanup lambda:build zip update:ci lambda:cleanup\",\n     \"prepare\": \"husky\",\n"
                },
                {
                    "date": 1747020479677,
                    "content": "Index: \n===================================================================\n--- \n+++ \n@@ -1,8 +1,8 @@\n {\n   \"name\": \"doctor_guide_api\",\n   \"type\": \"module\",\n-  \"version\": \"1.2.2\",\n+  \"version\": \"1.2.3\",\n   \"repository\": {\n     \"type\": \"git\",\n     \"url\": \"https://github.com/Julooga/doctor_guide_api.git\"\n   },\n@@ -13,9 +13,9 @@\n   \"scripts\": {\n     \"dev\": \"tsx watch src/dev.ts\",\n     \"lambda:build\": \"esbuild --bundle --outfile=./dist/index.js --platform=node --target=node20 ./src/index.ts\",\n     \"zip\": \"zip -j lambda.zip dist/index.js\",\n-    \"update:local\": \"(aws lambda update-function-code --zip-file fileb://lambda.zip --function-name doctor_guide_api --region ap-northeast-2 --profile 166287530750_jurloogar-jaewon > /dev/null 2>&1 &) && echo 'Lambda update started in background'\",\n+    \"update:local\": \"aws lambda update-function-code --zip-file fileb://lambda.zip --function-name doctor_guide_api --region ap-northeast-2 --profile 166287530750_jurloogar-jaewon > /dev/null 2>&1 &) && echo 'Lambda update started in background'\",\n     \"update:ci\": \"aws lambda update-function-code --zip-file fileb://lambda.zip --function-name doctor_guide_api --region ap-northeast-2 > /dev/null 2>&1 &) && echo 'Lambda update started in background'\",\n     \"lambda:cleanup\": \"rimraf lambda.zip dist lambda-update.log\",\n     \"lambda:deploy:local\": \"run-s lambda:cleanup lambda:build zip update:local lambda:cleanup\",\n     \"lambda:deploy:ci\": \"run-s lambda:cleanup lambda:build zip update:ci lambda:cleanup\",\n"
                },
                {
                    "date": 1747020494055,
                    "content": "Index: \n===================================================================\n--- \n+++ \n@@ -13,9 +13,9 @@\n   \"scripts\": {\n     \"dev\": \"tsx watch src/dev.ts\",\n     \"lambda:build\": \"esbuild --bundle --outfile=./dist/index.js --platform=node --target=node20 ./src/index.ts\",\n     \"zip\": \"zip -j lambda.zip dist/index.js\",\n-    \"update:local\": \"aws lambda update-function-code --zip-file fileb://lambda.zip --function-name doctor_guide_api --region ap-northeast-2 --profile 166287530750_jurloogar-jaewon > /dev/null 2>&1 &) && echo 'Lambda update started in background'\",\n+    \"update:local\": \"(aws lambda update-function-code --zip-file fileb://lambda.zip --function-name doctor_guide_api --region ap-northeast-2 --profile 166287530750_jurloogar-jaewon > /dev/null 2>&1 &) && echo 'Lambda update started in background'\",\n     \"update:ci\": \"aws lambda update-function-code --zip-file fileb://lambda.zip --function-name doctor_guide_api --region ap-northeast-2 > /dev/null 2>&1 &) && echo 'Lambda update started in background'\",\n     \"lambda:cleanup\": \"rimraf lambda.zip dist lambda-update.log\",\n     \"lambda:deploy:local\": \"run-s lambda:cleanup lambda:build zip update:local lambda:cleanup\",\n     \"lambda:deploy:ci\": \"run-s lambda:cleanup lambda:build zip update:ci lambda:cleanup\",\n"
                },
                {
                    "date": 1748160035873,
                    "content": "Index: \n===================================================================\n--- \n+++ \n@@ -11,9 +11,9 @@\n     \"pnpm\": \">=9.0.0\"\n   },\n   \"scripts\": {\n     \"dev\": \"tsx watch src/dev.ts\",\n-    \"lambda:build\": \"esbuild --bundle --outfile=./dist/index.js --platform=node --target=node20 ./src/index.ts\",\n+    \"lambda:build\": \"esbuild --bundle --outfile=./dist/index.js --platform=node --target=node20 --minify ./src/index.ts\",\n     \"zip\": \"zip -j lambda.zip dist/index.js\",\n     \"update:local\": \"(aws lambda update-function-code --zip-file fileb://lambda.zip --function-name doctor_guide_api --region ap-northeast-2 --profile 166287530750_jurloogar-jaewon > /dev/null 2>&1 &) && echo 'Lambda update started in background'\",\n     \"update:ci\": \"(aws lambda update-function-code --zip-file fileb://lambda.zip --function-name doctor_guide_api --region ap-northeast-2 > /dev/null 2>&1 &) && echo 'Lambda update started in background'\",\n     \"lambda:cleanup\": \"rimraf lambda.zip dist lambda-update.log\",\n"
                }
            ],
            "date": 1746967692791,
            "name": "Commit-0",
            "content": "{\n  \"name\": \"doctor_guide_api\",\n  \"type\": \"module\",\n  \"version\": \"1.0.7\",\n  \"engines\": {\n    \"node\": \">=20.0.0\",\n    \"pnpm\": \">=9.0.0\"\n  },\n  \"scripts\": {\n    \"dev\": \"tsx watch src/dev.ts\",\n    \"lambda:build\": \"esbuild --bundle --outfile=./dist/index.js --platform=node --target=node20 ./src/index.ts\",\n    \"zip\": \"zip -j lambda.zip dist/index.js\",\n    \"update:local\": \"aws lambda update-function-code --zip-file fileb://lambda.zip --function-name doctor_guide_api --region ap-northeast-2 --profile 166287530750_jurloogar-jaewon > lambda-update.log 2>&1 & tail -f lambda-update.log\",\n    \"update:ci\": \"aws lambda update-function-code --zip-file fileb://lambda.zip --function-name doctor_guide_api --region ap-northeast-2 > lambda-update.log 2>&1 & tail -f lambda-update.log\",\n    \"lambda:cleanup\": \"rimraf lambda.zip dist lambda-update.log\",\n    \"lambda:deploy:local\": \"run-s lambda:cleanup lambda:build zip update:local lambda:cleanup\",\n    \"lambda:deploy:ci\": \"run-s lambda:cleanup lambda:build zip update:ci lambda:cleanup\",\n    \"prepare\": \"husky\",\n    \"type:check\": \"tsc --skipLibCheck --noEmit --incremental --tsBuildInfoFile ./node_modules/.cache/tsc/tsbuildinfo\",\n    \"prettier\": \"prettier --write \\\"**/*.{ts,tsx,cjs,mjs,json,html,css,js,jsx}\\\" --cache --config prettier.config.mjs\",\n    \"eslint\": \"eslint --fix --cache --cache-location ./node_modules/.cache/eslint .\",\n    \"format\": \"run-s type:check prettier eslint\",\n    \"build:api\": \"swagger-typescript-api generate --path https://1acgaqfa8f.execute-api.ap-northeast-2.amazonaws.com/docs -o ./workspaces -n api.ts --axios\"\n  },\n  \"devDependencies\": {\n    \"@eslint/js\": \"^9.26.0\",\n    \"@hono/node-server\": \"^1.14.1\",\n    \"@ianvs/prettier-plugin-sort-imports\": \"^4.4.1\",\n    \"@semantic-release/changelog\": \"^6.0.3\",\n    \"@semantic-release/git\": \"^10.0.1\",\n    \"@semantic-release/github\": \"^11.0.2\",\n    \"@semantic-release/npm\": \"^12.0.1\",\n    \"@types/lodash-es\": \"^4.17.12\",\n    \"@types/node\": \"20\",\n    \"@typescript-eslint/eslint-plugin\": \"^8.31.1\",\n    \"@typescript-eslint/parser\": \"^8.31.1\",\n    \"commander\": \"^13.1.0\",\n    \"dotenv\": \"^16.5.0\",\n    \"dotenv-cli\": \"^8.0.0\",\n    \"esbuild\": \"^0.21.4\",\n    \"eslint\": \"^9.26.0\",\n    \"eslint-plugin-react-hooks\": \"^5.2.0\",\n    \"eslint-plugin-react-refresh\": \"^0.4.20\",\n    \"eslint-plugin-unused-imports\": \"^4.1.4\",\n    \"globals\": \"^16.0.0\",\n    \"husky\": \"^9.1.7\",\n    \"npm-run-all2\": \"^6.2.0\",\n    \"prettier\": \"^3.5.3\",\n    \"prettier-plugin-classnames\": \"^0.7.8\",\n    \"prettier-plugin-css-order\": \"^2.1.2\",\n    \"rimraf\": \"^6.0.1\",\n    \"semantic-release\": \"^24.2.3\",\n    \"tsx\": \"^4.19.4\",\n    \"typescript\": \"^5.8.3\",\n    \"typescript-eslint\": \"^8.31.1\",\n    \"zx\": \"^8.5.3\"\n  },\n  \"dependencies\": {\n    \"@aws-sdk/client-dynamodb\": \"^3.803.0\",\n    \"@aws-sdk/credential-providers\": \"^3.803.0\",\n    \"@aws-sdk/lib-dynamodb\": \"^3.803.0\",\n    \"@hono/swagger-ui\": \"^0.5.1\",\n    \"@hono/zod-validator\": \"^0.5.0\",\n    \"electrodb\": \"^3.4.1\",\n    \"hono\": \"^4.7.8\",\n    \"hono-openapi\": \"^0.4.8\",\n    \"lodash-es\": \"^4.17.21\",\n    \"swagger-typescript-api\": \"^13.1.3\",\n    \"zod\": \"^3.24.4\",\n    \"zod-openapi\": \"^4.2.4\"\n  }\n}\n"
        }
    ]
}