{
    "sourceFile": "README.md",
    "activeCommit": 0,
    "commits": [
        {
            "activePatchIndex": 31,
            "patches": [
                {
                    "date": 1746969328934,
                    "content": "Index: \n===================================================================\n--- \n+++ \n"
                },
                {
                    "date": 1746969335431,
                    "content": "Index: \n===================================================================\n--- \n+++ \n@@ -20,8 +20,9 @@\n \n - **스웨거 UI (Swagger UI)**: [https://1acgaqfa8f.execute-api.ap-northeast-2.amazonaws.com/](https://1acgaqfa8f.execute-api.ap-northeast-2.amazonaws.com/) 📖\n - **스웨거 Docs (Swagger Docs)**: [https://1acgaqfa8f.execute-api.ap-northeast-2.amazonaws.com/docs](https://1acgaqfa8f.execute-api.ap-northeast-2.amazonaws.com/docs) 📚\n \n+## SDK 사용법\n \n \n \n ## 사용한 AWS 리소스 (AWS Resources Used) ☁️\n"
                },
                {
                    "date": 1746969351225,
                    "content": "Index: \n===================================================================\n--- \n+++ \n@@ -21,11 +21,12 @@\n - **스웨거 UI (Swagger UI)**: [https://1acgaqfa8f.execute-api.ap-northeast-2.amazonaws.com/](https://1acgaqfa8f.execute-api.ap-northeast-2.amazonaws.com/) 📖\n - **스웨거 Docs (Swagger Docs)**: [https://1acgaqfa8f.execute-api.ap-northeast-2.amazonaws.com/docs](https://1acgaqfa8f.execute-api.ap-northeast-2.amazonaws.com/docs) 📚\n \n ## SDK 사용법\n+```\n+```\n \n \n-\n ## 사용한 AWS 리소스 (AWS Resources Used) ☁️\n \n - **DynamoDB** 🗄️\n   - Hospital-safetydata: `arn:aws:dynamodb:ap-northeast-2:166287530750:table/Hospital-safetydata`\n"
                },
                {
                    "date": 1746969357831,
                    "content": "Index: \n===================================================================\n--- \n+++ \n@@ -21,10 +21,11 @@\n - **스웨거 UI (Swagger UI)**: [https://1acgaqfa8f.execute-api.ap-northeast-2.amazonaws.com/](https://1acgaqfa8f.execute-api.ap-northeast-2.amazonaws.com/) 📖\n - **스웨거 Docs (Swagger Docs)**: [https://1acgaqfa8f.execute-api.ap-northeast-2.amazonaws.com/docs](https://1acgaqfa8f.execute-api.ap-northeast-2.amazonaws.com/docs) 📚\n \n ## SDK 사용법\n+```sh\n+pnpm i \n ```\n-```\n \n \n ## 사용한 AWS 리소스 (AWS Resources Used) ☁️\n \n"
                },
                {
                    "date": 1746969362992,
                    "content": "Index: \n===================================================================\n--- \n+++ \n@@ -21,8 +21,10 @@\n - **스웨거 UI (Swagger UI)**: [https://1acgaqfa8f.execute-api.ap-northeast-2.amazonaws.com/](https://1acgaqfa8f.execute-api.ap-northeast-2.amazonaws.com/) 📖\n - **스웨거 Docs (Swagger Docs)**: [https://1acgaqfa8f.execute-api.ap-northeast-2.amazonaws.com/docs](https://1acgaqfa8f.execute-api.ap-northeast-2.amazonaws.com/docs) 📚\n \n ## SDK 사용법\n+- \n+\n ```sh\n pnpm i \n ```\n \n"
                },
                {
                    "date": 1746969371064,
                    "content": "Index: \n===================================================================\n--- \n+++ \n@@ -21,9 +21,9 @@\n - **스웨거 UI (Swagger UI)**: [https://1acgaqfa8f.execute-api.ap-northeast-2.amazonaws.com/](https://1acgaqfa8f.execute-api.ap-northeast-2.amazonaws.com/) 📖\n - **스웨거 Docs (Swagger Docs)**: [https://1acgaqfa8f.execute-api.ap-northeast-2.amazonaws.com/docs](https://1acgaqfa8f.execute-api.ap-northeast-2.amazonaws.com/docs) 📚\n \n ## SDK 사용법\n-- \n+- 프로젝트 루트에 .npmrc\n \n ```sh\n pnpm i \n ```\n"
                },
                {
                    "date": 1746969377964,
                    "content": "Index: \n===================================================================\n--- \n+++ \n@@ -21,9 +21,10 @@\n - **스웨거 UI (Swagger UI)**: [https://1acgaqfa8f.execute-api.ap-northeast-2.amazonaws.com/](https://1acgaqfa8f.execute-api.ap-northeast-2.amazonaws.com/) 📖\n - **스웨거 Docs (Swagger Docs)**: [https://1acgaqfa8f.execute-api.ap-northeast-2.amazonaws.com/docs](https://1acgaqfa8f.execute-api.ap-northeast-2.amazonaws.com/docs) 📚\n \n ## SDK 사용법\n-- 프로젝트 루트에 .npmrc\n+- 프로젝트 루트에 `.npmrc` 를 설정하세요\n+- \n \n ```sh\n pnpm i \n ```\n"
                },
                {
                    "date": 1746969388415,
                    "content": "Index: \n===================================================================\n--- \n+++ \n@@ -22,9 +22,10 @@\n - **스웨거 Docs (Swagger Docs)**: [https://1acgaqfa8f.execute-api.ap-northeast-2.amazonaws.com/docs](https://1acgaqfa8f.execute-api.ap-northeast-2.amazonaws.com/docs) 📚\n \n ## SDK 사용법\n - 프로젝트 루트에 `.npmrc` 를 설정하세요\n-- \n+```text\n+```\n \n ```sh\n pnpm i \n ```\n"
                },
                {
                    "date": 1746969406500,
                    "content": "Index: \n===================================================================\n--- \n+++ \n@@ -22,9 +22,11 @@\n - **스웨거 Docs (Swagger Docs)**: [https://1acgaqfa8f.execute-api.ap-northeast-2.amazonaws.com/docs](https://1acgaqfa8f.execute-api.ap-northeast-2.amazonaws.com/docs) 📚\n \n ## SDK 사용법\n - 프로젝트 루트에 `.npmrc` 를 설정하세요\n-```text\n+```txt\n+@julooga:registry=https://npm.pkg.github.com/\n+//npm.pkg.github.com/:_authToken=YOUR_GITHUB_TOKEN\n ```\n \n ```sh\n pnpm i \n"
                },
                {
                    "date": 1746970702980,
                    "content": "Index: \n===================================================================\n--- \n+++ \n@@ -21,8 +21,10 @@\n - **스웨거 UI (Swagger UI)**: [https://1acgaqfa8f.execute-api.ap-northeast-2.amazonaws.com/](https://1acgaqfa8f.execute-api.ap-northeast-2.amazonaws.com/) 📖\n - **스웨거 Docs (Swagger Docs)**: [https://1acgaqfa8f.execute-api.ap-northeast-2.amazonaws.com/docs](https://1acgaqfa8f.execute-api.ap-northeast-2.amazonaws.com/docs) 📚\n \n ## SDK 사용법\n+\n+\n - 프로젝트 루트에 `.npmrc` 를 설정하세요\n ```txt\n @julooga:registry=https://npm.pkg.github.com/\n //npm.pkg.github.com/:_authToken=YOUR_GITHUB_TOKEN\n"
                },
                {
                    "date": 1746970711835,
                    "content": "Index: \n===================================================================\n--- \n+++ \n@@ -21,10 +21,10 @@\n - **스웨거 UI (Swagger UI)**: [https://1acgaqfa8f.execute-api.ap-northeast-2.amazonaws.com/](https://1acgaqfa8f.execute-api.ap-northeast-2.amazonaws.com/) 📖\n - **스웨거 Docs (Swagger Docs)**: [https://1acgaqfa8f.execute-api.ap-northeast-2.amazonaws.com/docs](https://1acgaqfa8f.execute-api.ap-northeast-2.amazonaws.com/docs) 📚\n \n ## SDK 사용법\n+- personal\n \n-\n - 프로젝트 루트에 `.npmrc` 를 설정하세요\n ```txt\n @julooga:registry=https://npm.pkg.github.com/\n //npm.pkg.github.com/:_authToken=YOUR_GITHUB_TOKEN\n"
                },
                {
                    "date": 1746970720496,
                    "content": "Index: \n===================================================================\n--- \n+++ \n@@ -0,0 +1,46 @@\n+# 긴급정보 서비스 API (Emergency Info Service API) 🚑🌐\n+\n+[![semantic-release: hono](https://img.shields.io/badge/semantic--release-hono-e10079?logo=semantic-release)](https://github.com/semantic-release/semantic-release)\n+\n+## 개발환경 (Development Environment) 🛠️\n+\n+```plaintext\n+\"node\": \">=20.0.0\"\n+\"pnpm\": \">=9.0.0\"\n+```\n+\n+## 배포 (Deployment) 🚀\n+\n+```plaintext\n+pnpm i\n+pnpm lambda:deploy\n+```\n+\n+## 리소스 주소 (Resource URLs) 🌍\n+\n+- **스웨거 UI (Swagger UI)**: [https://1acgaqfa8f.execute-api.ap-northeast-2.amazonaws.com/](https://1acgaqfa8f.execute-api.ap-northeast-2.amazonaws.com/) 📖\n+- **스웨거 Docs (Swagger Docs)**: [https://1acgaqfa8f.execute-api.ap-northeast-2.amazonaws.com/docs](https://1acgaqfa8f.execute-api.ap-northeast-2.amazonaws.com/docs) 📚\n+\n+## SDK 사용법\n+- personal access token 발급\n+\n+- 프로젝트 루트에 `.npmrc` 를 설정하세요\n+```txt\n+@julooga:registry=https://npm.pkg.github.com/\n+//npm.pkg.github.com/:_authToken=YOUR_GITHUB_TOKEN\n+```\n+\n+```sh\n+pnpm i \n+```\n+\n+\n+## 사용한 AWS 리소스 (AWS Resources Used) ☁️\n+\n+- **DynamoDB** 🗄️\n+  - Hospital-safetydata: `arn:aws:dynamodb:ap-northeast-2:166287530750:table/Hospital-safetydata`\n+  - Pharamacy-safetydata: `arn:aws:dynamodb:ap-northeast-2:166287530750:table/Pharamacy-safetydata`\n+- **Lambda** 🖥️: `arn:aws:lambda:ap-northeast-2:166287530750:function:doctor_guide_api`\n+- **API Gateway** 🌐\n+  - `/`: `arn:aws:apigateway:ap-northeast-2::/apis/1acgaqfa8f/routes/1gqsibp`\n+  - `/docs`: `arn:aws:apigateway:ap-northeast-2::/apis/1acgaqfa8f/routes/u42m1ya`\n"
                },
                {
                    "date": 1746970750751,
                    "content": "Index: \n===================================================================\n--- \n+++ \n@@ -22,8 +22,9 @@\n - **스웨거 Docs (Swagger Docs)**: [https://1acgaqfa8f.execute-api.ap-northeast-2.amazonaws.com/docs](https://1acgaqfa8f.execute-api.ap-northeast-2.amazonaws.com/docs) 📚\n \n ## SDK 사용법\n - personal access token 발급\n+![alt text](<스크린샷 2025-05-11 오후 10.34.08.png>)\n \n - 프로젝트 루트에 `.npmrc` 를 설정하세요\n ```txt\n @julooga:registry=https://npm.pkg.github.com/\n@@ -43,50 +44,4 @@\n - **Lambda** 🖥️: `arn:aws:lambda:ap-northeast-2:166287530750:function:doctor_guide_api`\n - **API Gateway** 🌐\n   - `/`: `arn:aws:apigateway:ap-northeast-2::/apis/1acgaqfa8f/routes/1gqsibp`\n   - `/docs`: `arn:aws:apigateway:ap-northeast-2::/apis/1acgaqfa8f/routes/u42m1ya`\n-# 긴급정보 서비스 API (Emergency Info Service API) 🚑🌐\n-\n-[![semantic-release: hono](https://img.shields.io/badge/semantic--release-hono-e10079?logo=semantic-release)](https://github.com/semantic-release/semantic-release)\n-\n-## 개발환경 (Development Environment) 🛠️\n-\n-```plaintext\n-\"node\": \">=20.0.0\"\n-\"pnpm\": \">=9.0.0\"\n-```\n-\n-## 배포 (Deployment) 🚀\n-\n-```plaintext\n-pnpm i\n-pnpm lambda:deploy\n-```\n-\n-## 리소스 주소 (Resource URLs) 🌍\n-\n-- **스웨거 UI (Swagger UI)**: [https://1acgaqfa8f.execute-api.ap-northeast-2.amazonaws.com/](https://1acgaqfa8f.execute-api.ap-northeast-2.amazonaws.com/) 📖\n-- **스웨거 Docs (Swagger Docs)**: [https://1acgaqfa8f.execute-api.ap-northeast-2.amazonaws.com/docs](https://1acgaqfa8f.execute-api.ap-northeast-2.amazonaws.com/docs) 📚\n-\n-## SDK 사용법\n-- personal\n-\n-- 프로젝트 루트에 `.npmrc` 를 설정하세요\n-```txt\n-@julooga:registry=https://npm.pkg.github.com/\n-//npm.pkg.github.com/:_authToken=YOUR_GITHUB_TOKEN\n-```\n-\n-```sh\n-pnpm i \n-```\n-\n-\n-## 사용한 AWS 리소스 (AWS Resources Used) ☁️\n-\n-- **DynamoDB** 🗄️\n-  - Hospital-safetydata: `arn:aws:dynamodb:ap-northeast-2:166287530750:table/Hospital-safetydata`\n-  - Pharamacy-safetydata: `arn:aws:dynamodb:ap-northeast-2:166287530750:table/Pharamacy-safetydata`\n-- **Lambda** 🖥️: `arn:aws:lambda:ap-northeast-2:166287530750:function:doctor_guide_api`\n-- **API Gateway** 🌐\n-  - `/`: `arn:aws:apigateway:ap-northeast-2::/apis/1acgaqfa8f/routes/1gqsibp`\n-  - `/docs`: `arn:aws:apigateway:ap-northeast-2::/apis/1acgaqfa8f/routes/u42m1ya`\n"
                },
                {
                    "date": 1746970787086,
                    "content": "Index: \n===================================================================\n--- \n+++ \n@@ -22,9 +22,9 @@\n - **스웨거 Docs (Swagger Docs)**: [https://1acgaqfa8f.execute-api.ap-northeast-2.amazonaws.com/docs](https://1acgaqfa8f.execute-api.ap-northeast-2.amazonaws.com/docs) 📚\n \n ## SDK 사용법\n - personal access token 발급\n-![alt text](<스크린샷 2025-05-11 오후 10.34.08.png>)\n+[]\n \n - 프로젝트 루트에 `.npmrc` 를 설정하세요\n ```txt\n @julooga:registry=https://npm.pkg.github.com/\n"
                },
                {
                    "date": 1746970793811,
                    "content": "Index: \n===================================================================\n--- \n+++ \n@@ -0,0 +1,47 @@\n+# 긴급정보 서비스 API (Emergency Info Service API) 🚑🌐\n+\n+[![semantic-release: hono](https://img.shields.io/badge/semantic--release-hono-e10079?logo=semantic-release)](https://github.com/semantic-release/semantic-release)\n+\n+## 개발환경 (Development Environment) 🛠️\n+\n+```plaintext\n+\"node\": \">=20.0.0\"\n+\"pnpm\": \">=9.0.0\"\n+```\n+\n+## 배포 (Deployment) 🚀\n+\n+```plaintext\n+pnpm i\n+pnpm lambda:deploy\n+```\n+\n+## 리소스 주소 (Resource URLs) 🌍\n+\n+- **스웨거 UI (Swagger UI)**: [https://1acgaqfa8f.execute-api.ap-northeast-2.amazonaws.com/](https://1acgaqfa8f.execute-api.ap-northeast-2.amazonaws.com/) 📖\n+- **스웨거 Docs (Swagger Docs)**: [https://1acgaqfa8f.execute-api.ap-northeast-2.amazonaws.com/docs](https://1acgaqfa8f.execute-api.ap-northeast-2.amazonaws.com/docs) 📚\n+\n+## SDK 사용법\n+- personal access token 발급\n+![alt text](public/token.png)\n+\n+- 프로젝트 루트에 `.npmrc` 를 설정하세요\n+```txt\n+@julooga:registry=https://npm.pkg.github.com/\n+//npm.pkg.github.com/:_authToken=YOUR_GITHUB_TOKEN\n+```\n+\n+```sh\n+pnpm i \n+```\n+\n+\n+## 사용한 AWS 리소스 (AWS Resources Used) ☁️\n+\n+- **DynamoDB** 🗄️\n+  - Hospital-safetydata: `arn:aws:dynamodb:ap-northeast-2:166287530750:table/Hospital-safetydata`\n+  - Pharamacy-safetydata: `arn:aws:dynamodb:ap-northeast-2:166287530750:table/Pharamacy-safetydata`\n+- **Lambda** 🖥️: `arn:aws:lambda:ap-northeast-2:166287530750:function:doctor_guide_api`\n+- **API Gateway** 🌐\n+  - `/`: `arn:aws:apigateway:ap-northeast-2::/apis/1acgaqfa8f/routes/1gqsibp`\n+  - `/docs`: `arn:aws:apigateway:ap-northeast-2::/apis/1acgaqfa8f/routes/u42m1ya`\n"
                },
                {
                    "date": 1746970815047,
                    "content": "Index: \n===================================================================\n--- \n+++ \n@@ -0,0 +1,47 @@\n+# 긴급정보 서비스 API (Emergency Info Service API) 🚑🌐\n+\n+[![semantic-release: hono](https://img.shields.io/badge/semantic--release-hono-e10079?logo=semantic-release)](https://github.com/semantic-release/semantic-release)\n+\n+## 개발환경 (Development Environment) 🛠️\n+\n+```plaintext\n+\"node\": \">=20.0.0\"\n+\"pnpm\": \">=9.0.0\"\n+```\n+\n+## 배포 (Deployment) 🚀\n+\n+```plaintext\n+pnpm i\n+pnpm lambda:deploy\n+```\n+\n+## 리소스 주소 (Resource URLs) 🌍\n+\n+- **스웨거 UI (Swagger UI)**: [https://1acgaqfa8f.execute-api.ap-northeast-2.amazonaws.com/](https://1acgaqfa8f.execute-api.ap-northeast-2.amazonaws.com/) 📖\n+- **스웨거 Docs (Swagger Docs)**: [https://1acgaqfa8f.execute-api.ap-northeast-2.amazonaws.com/docs](https://1acgaqfa8f.execute-api.ap-northeast-2.amazonaws.com/docs) 📚\n+\n+## SDK 사용법\n+- personal access token 발급\n+![토큰 발급받는법](public/token.png)\n+\n+- 프로젝트 루트에 `.npmrc` 를 설정하세요\n+```txt\n+@julooga:registry=https://npm.pkg.github.com/\n+//npm.pkg.github.com/:_authToken=YOUR_GITHUB_TOKEN\n+```\n+\n+```sh\n+pnpm i \n+```\n+\n+\n+## 사용한 AWS 리소스 (AWS Resources Used) ☁️\n+\n+- **DynamoDB** 🗄️\n+  - Hospital-safetydata: `arn:aws:dynamodb:ap-northeast-2:166287530750:table/Hospital-safetydata`\n+  - Pharamacy-safetydata: `arn:aws:dynamodb:ap-northeast-2:166287530750:table/Pharamacy-safetydata`\n+- **Lambda** 🖥️: `arn:aws:lambda:ap-northeast-2:166287530750:function:doctor_guide_api`\n+- **API Gateway** 🌐\n+  - `/`: `arn:aws:apigateway:ap-northeast-2::/apis/1acgaqfa8f/routes/1gqsibp`\n+  - `/docs`: `arn:aws:apigateway:ap-northeast-2::/apis/1acgaqfa8f/routes/u42m1ya`\n"
                },
                {
                    "date": 1746970831834,
                    "content": "Index: \n===================================================================\n--- \n+++ \n@@ -22,8 +22,9 @@\n - **스웨거 Docs (Swagger Docs)**: [https://1acgaqfa8f.execute-api.ap-northeast-2.amazonaws.com/docs](https://1acgaqfa8f.execute-api.ap-northeast-2.amazonaws.com/docs) 📚\n \n ## SDK 사용법\n - personal access token 발급\n+  - read \n ![토큰 발급받는법](public/token.png)\n \n - 프로젝트 루트에 `.npmrc` 를 설정하세요\n ```txt\n@@ -44,98 +45,4 @@\n - **Lambda** 🖥️: `arn:aws:lambda:ap-northeast-2:166287530750:function:doctor_guide_api`\n - **API Gateway** 🌐\n   - `/`: `arn:aws:apigateway:ap-northeast-2::/apis/1acgaqfa8f/routes/1gqsibp`\n   - `/docs`: `arn:aws:apigateway:ap-northeast-2::/apis/1acgaqfa8f/routes/u42m1ya`\n-# 긴급정보 서비스 API (Emergency Info Service API) 🚑🌐\n-\n-[![semantic-release: hono](https://img.shields.io/badge/semantic--release-hono-e10079?logo=semantic-release)](https://github.com/semantic-release/semantic-release)\n-\n-## 개발환경 (Development Environment) 🛠️\n-\n-```plaintext\n-\"node\": \">=20.0.0\"\n-\"pnpm\": \">=9.0.0\"\n-```\n-\n-## 배포 (Deployment) 🚀\n-\n-```plaintext\n-pnpm i\n-pnpm lambda:deploy\n-```\n-\n-## 리소스 주소 (Resource URLs) 🌍\n-\n-- **스웨거 UI (Swagger UI)**: [https://1acgaqfa8f.execute-api.ap-northeast-2.amazonaws.com/](https://1acgaqfa8f.execute-api.ap-northeast-2.amazonaws.com/) 📖\n-- **스웨거 Docs (Swagger Docs)**: [https://1acgaqfa8f.execute-api.ap-northeast-2.amazonaws.com/docs](https://1acgaqfa8f.execute-api.ap-northeast-2.amazonaws.com/docs) 📚\n-\n-## SDK 사용법\n-- personal access token 발급\n-![alt text](public/token.png)\n-\n-- 프로젝트 루트에 `.npmrc` 를 설정하세요\n-```txt\n-@julooga:registry=https://npm.pkg.github.com/\n-//npm.pkg.github.com/:_authToken=YOUR_GITHUB_TOKEN\n-```\n-\n-```sh\n-pnpm i \n-```\n-\n-\n-## 사용한 AWS 리소스 (AWS Resources Used) ☁️\n-\n-- **DynamoDB** 🗄️\n-  - Hospital-safetydata: `arn:aws:dynamodb:ap-northeast-2:166287530750:table/Hospital-safetydata`\n-  - Pharamacy-safetydata: `arn:aws:dynamodb:ap-northeast-2:166287530750:table/Pharamacy-safetydata`\n-- **Lambda** 🖥️: `arn:aws:lambda:ap-northeast-2:166287530750:function:doctor_guide_api`\n-- **API Gateway** 🌐\n-  - `/`: `arn:aws:apigateway:ap-northeast-2::/apis/1acgaqfa8f/routes/1gqsibp`\n-  - `/docs`: `arn:aws:apigateway:ap-northeast-2::/apis/1acgaqfa8f/routes/u42m1ya`\n-# 긴급정보 서비스 API (Emergency Info Service API) 🚑🌐\n-\n-[![semantic-release: hono](https://img.shields.io/badge/semantic--release-hono-e10079?logo=semantic-release)](https://github.com/semantic-release/semantic-release)\n-\n-## 개발환경 (Development Environment) 🛠️\n-\n-```plaintext\n-\"node\": \">=20.0.0\"\n-\"pnpm\": \">=9.0.0\"\n-```\n-\n-## 배포 (Deployment) 🚀\n-\n-```plaintext\n-pnpm i\n-pnpm lambda:deploy\n-```\n-\n-## 리소스 주소 (Resource URLs) 🌍\n-\n-- **스웨거 UI (Swagger UI)**: [https://1acgaqfa8f.execute-api.ap-northeast-2.amazonaws.com/](https://1acgaqfa8f.execute-api.ap-northeast-2.amazonaws.com/) 📖\n-- **스웨거 Docs (Swagger Docs)**: [https://1acgaqfa8f.execute-api.ap-northeast-2.amazonaws.com/docs](https://1acgaqfa8f.execute-api.ap-northeast-2.amazonaws.com/docs) 📚\n-\n-## SDK 사용법\n-- personal access token 발급\n-[]\n-\n-- 프로젝트 루트에 `.npmrc` 를 설정하세요\n-```txt\n-@julooga:registry=https://npm.pkg.github.com/\n-//npm.pkg.github.com/:_authToken=YOUR_GITHUB_TOKEN\n-```\n-\n-```sh\n-pnpm i \n-```\n-\n-\n-## 사용한 AWS 리소스 (AWS Resources Used) ☁️\n-\n-- **DynamoDB** 🗄️\n-  - Hospital-safetydata: `arn:aws:dynamodb:ap-northeast-2:166287530750:table/Hospital-safetydata`\n-  - Pharamacy-safetydata: `arn:aws:dynamodb:ap-northeast-2:166287530750:table/Pharamacy-safetydata`\n-- **Lambda** 🖥️: `arn:aws:lambda:ap-northeast-2:166287530750:function:doctor_guide_api`\n-- **API Gateway** 🌐\n-  - `/`: `arn:aws:apigateway:ap-northeast-2::/apis/1acgaqfa8f/routes/1gqsibp`\n-  - `/docs`: `arn:aws:apigateway:ap-northeast-2::/apis/1acgaqfa8f/routes/u42m1ya`\n"
                },
                {
                    "date": 1746970837432,
                    "content": "Index: \n===================================================================\n--- \n+++ \n@@ -22,9 +22,9 @@\n - **스웨거 Docs (Swagger Docs)**: [https://1acgaqfa8f.execute-api.ap-northeast-2.amazonaws.com/docs](https://1acgaqfa8f.execute-api.ap-northeast-2.amazonaws.com/docs) 📚\n \n ## SDK 사용법\n - personal access token 발급\n-  - read \n+  - read:package \n ![토큰 발급받는법](public/token.png)\n \n - 프로젝트 루트에 `.npmrc` 를 설정하세요\n ```txt\n"
                },
                {
                    "date": 1746970848220,
                    "content": "Index: \n===================================================================\n--- \n+++ \n@@ -21,23 +21,25 @@\n - **스웨거 UI (Swagger UI)**: [https://1acgaqfa8f.execute-api.ap-northeast-2.amazonaws.com/](https://1acgaqfa8f.execute-api.ap-northeast-2.amazonaws.com/) 📖\n - **스웨거 Docs (Swagger Docs)**: [https://1acgaqfa8f.execute-api.ap-northeast-2.amazonaws.com/docs](https://1acgaqfa8f.execute-api.ap-northeast-2.amazonaws.com/docs) 📚\n \n ## SDK 사용법\n+\n - personal access token 발급\n-  - read:package \n-![토큰 발급받는법](public/token.png)\n \n+  - read:packages 권한이 있는 토큰을 발급받으세요.\n+    ![토큰 발급받는법](public/token.png)\n+\n - 프로젝트 루트에 `.npmrc` 를 설정하세요\n+\n ```txt\n @julooga:registry=https://npm.pkg.github.com/\n //npm.pkg.github.com/:_authToken=YOUR_GITHUB_TOKEN\n ```\n \n ```sh\n-pnpm i \n+pnpm i\n ```\n \n-\n ## 사용한 AWS 리소스 (AWS Resources Used) ☁️\n \n - **DynamoDB** 🗄️\n   - Hospital-safetydata: `arn:aws:dynamodb:ap-northeast-2:166287530750:table/Hospital-safetydata`\n"
                },
                {
                    "date": 1746970867651,
                    "content": "Index: \n===================================================================\n--- \n+++ \n@@ -28,9 +28,8 @@\n   - read:packages 권한이 있는 토큰을 발급받으세요.\n     ![토큰 발급받는법](public/token.png)\n \n - 프로젝트 루트에 `.npmrc` 를 설정하세요\n-\n ```txt\n @julooga:registry=https://npm.pkg.github.com/\n //npm.pkg.github.com/:_authToken=YOUR_GITHUB_TOKEN\n ```\n"
                },
                {
                    "date": 1746970884513,
                    "content": "Index: \n===================================================================\n--- \n+++ \n@@ -27,9 +27,10 @@\n \n   - read:packages 권한이 있는 토큰을 발급받으세요.\n     ![토큰 발급받는법](public/token.png)\n \n-- 프로젝트 루트에 `.npmrc` 를 설정하세요\n+- 프로젝트 루트에 `.npmrc` 를 추가하고 \n+\n ```txt\n @julooga:registry=https://npm.pkg.github.com/\n //npm.pkg.github.com/:_authToken=YOUR_GITHUB_TOKEN\n ```\n"
                },
                {
                    "date": 1746970891316,
                    "content": "Index: \n===================================================================\n--- \n+++ \n@@ -27,9 +27,9 @@\n \n   - read:packages 권한이 있는 토큰을 발급받으세요.\n     ![토큰 발급받는법](public/token.png)\n \n-- 프로젝트 루트에 `.npmrc` 를 추가하고 \n+- 프로젝트 루트에 `.npmrc` 를 추가하고 발급받은 토큰을 \n \n ```txt\n @julooga:registry=https://npm.pkg.github.com/\n //npm.pkg.github.com/:_authToken=YOUR_GITHUB_TOKEN\n"
                },
                {
                    "date": 1746970902370,
                    "content": "Index: \n===================================================================\n--- \n+++ \n@@ -27,9 +27,9 @@\n \n   - read:packages 권한이 있는 토큰을 발급받으세요.\n     ![토큰 발급받는법](public/token.png)\n \n-- 프로젝트 루트에 `.npmrc` 를 추가하고 발급받은 토큰을 \n+- 프로젝트 루트에 `.npmrc` 를 추가하고 발급받은 토큰을 `YOUR_GITHUB_TOKEN` 자리에 붙여넣으세요.\n \n ```txt\n @julooga:registry=https://npm.pkg.github.com/\n //npm.pkg.github.com/:_authToken=YOUR_GITHUB_TOKEN\n"
                },
                {
                    "date": 1746970915870,
                    "content": "Index: \n===================================================================\n--- \n+++ \n@@ -0,0 +1,50 @@\n+# 긴급정보 서비스 API (Emergency Info Service API) 🚑🌐\n+\n+[![semantic-release: hono](https://img.shields.io/badge/semantic--release-hono-e10079?logo=semantic-release)](https://github.com/semantic-release/semantic-release)\n+\n+## 개발환경 (Development Environment) 🛠️\n+\n+```plaintext\n+\"node\": \">=20.0.0\"\n+\"pnpm\": \">=9.0.0\"\n+```\n+\n+## 배포 (Deployment) 🚀\n+\n+```plaintext\n+pnpm i\n+pnpm lambda:deploy\n+```\n+\n+## 리소스 주소 (Resource URLs) 🌍\n+\n+- **스웨거 UI (Swagger UI)**: [https://1acgaqfa8f.execute-api.ap-northeast-2.amazonaws.com/](https://1acgaqfa8f.execute-api.ap-northeast-2.amazonaws.com/) 📖\n+- **스웨거 Docs (Swagger Docs)**: [https://1acgaqfa8f.execute-api.ap-northeast-2.amazonaws.com/docs](https://1acgaqfa8f.execute-api.ap-northeast-2.amazonaws.com/docs) 📚\n+\n+## SDK 사용법\n+\n+- personal access token 발급\n+\n+  - read:packages 권한이 있는 토큰을 발급받으세요.\n+    ![토큰 발급받는법](public/token.png)\n+\n+- 프로젝트 루트에 `.npmrc` 를 추가하고 발급받은 토큰을 `YOUR_GITHUB_TOKEN` 자리에 붙여넣으세요.\n+\n+```txt\n+@julooga:registry=https://npm.pkg.github.com/\n+//npm.pkg.github.com/:_authToken=YOUR_GITHUB_TOKEN\n+```\n+\n+```sh\n+pnpm i pnpm i @julooga/doctor_guide_api_sdk\n+```\n+\n+## 사용한 AWS 리소스 (AWS Resources Used) ☁️\n+\n+- **DynamoDB** 🗄️\n+  - Hospital-safetydata: `arn:aws:dynamodb:ap-northeast-2:166287530750:table/Hospital-safetydata`\n+  - Pharamacy-safetydata: `arn:aws:dynamodb:ap-northeast-2:166287530750:table/Pharamacy-safetydata`\n+- **Lambda** 🖥️: `arn:aws:lambda:ap-northeast-2:166287530750:function:doctor_guide_api`\n+- **API Gateway** 🌐\n+  - `/`: `arn:aws:apigateway:ap-northeast-2::/apis/1acgaqfa8f/routes/1gqsibp`\n+  - `/docs`: `arn:aws:apigateway:ap-northeast-2::/apis/1acgaqfa8f/routes/u42m1ya`\n"
                },
                {
                    "date": 1746970929612,
                    "content": "Index: \n===================================================================\n--- \n+++ \n@@ -34,8 +34,10 @@\n @julooga:registry=https://npm.pkg.github.com/\n //npm.pkg.github.com/:_authToken=YOUR_GITHUB_TOKEN\n ```\n \n+- 아래의 명령어로 디펜던시를 설치하세요.\n+\n ```sh\n pnpm i pnpm i @julooga/doctor_guide_api_sdk\n ```\n \n@@ -47,54 +49,4 @@\n - **Lambda** 🖥️: `arn:aws:lambda:ap-northeast-2:166287530750:function:doctor_guide_api`\n - **API Gateway** 🌐\n   - `/`: `arn:aws:apigateway:ap-northeast-2::/apis/1acgaqfa8f/routes/1gqsibp`\n   - `/docs`: `arn:aws:apigateway:ap-northeast-2::/apis/1acgaqfa8f/routes/u42m1ya`\n-# 긴급정보 서비스 API (Emergency Info Service API) 🚑🌐\n-\n-[![semantic-release: hono](https://img.shields.io/badge/semantic--release-hono-e10079?logo=semantic-release)](https://github.com/semantic-release/semantic-release)\n-\n-## 개발환경 (Development Environment) 🛠️\n-\n-```plaintext\n-\"node\": \">=20.0.0\"\n-\"pnpm\": \">=9.0.0\"\n-```\n-\n-## 배포 (Deployment) 🚀\n-\n-```plaintext\n-pnpm i\n-pnpm lambda:deploy\n-```\n-\n-## 리소스 주소 (Resource URLs) 🌍\n-\n-- **스웨거 UI (Swagger UI)**: [https://1acgaqfa8f.execute-api.ap-northeast-2.amazonaws.com/](https://1acgaqfa8f.execute-api.ap-northeast-2.amazonaws.com/) 📖\n-- **스웨거 Docs (Swagger Docs)**: [https://1acgaqfa8f.execute-api.ap-northeast-2.amazonaws.com/docs](https://1acgaqfa8f.execute-api.ap-northeast-2.amazonaws.com/docs) 📚\n-\n-## SDK 사용법\n-\n-- personal access token 발급\n-\n-  - read:packages 권한이 있는 토큰을 발급받으세요.\n-    ![토큰 발급받는법](public/token.png)\n-\n-- 프로젝트 루트에 `.npmrc` 를 추가하고 발급받은 토큰을 `YOUR_GITHUB_TOKEN` 자리에 붙여넣으세요.\n-\n-```txt\n-@julooga:registry=https://npm.pkg.github.com/\n-//npm.pkg.github.com/:_authToken=YOUR_GITHUB_TOKEN\n-```\n-\n-```sh\n-pnpm i\n-```\n-\n-## 사용한 AWS 리소스 (AWS Resources Used) ☁️\n-\n-- **DynamoDB** 🗄️\n-  - Hospital-safetydata: `arn:aws:dynamodb:ap-northeast-2:166287530750:table/Hospital-safetydata`\n-  - Pharamacy-safetydata: `arn:aws:dynamodb:ap-northeast-2:166287530750:table/Pharamacy-safetydata`\n-- **Lambda** 🖥️: `arn:aws:lambda:ap-northeast-2:166287530750:function:doctor_guide_api`\n-- **API Gateway** 🌐\n-  - `/`: `arn:aws:apigateway:ap-northeast-2::/apis/1acgaqfa8f/routes/1gqsibp`\n-  - `/docs`: `arn:aws:apigateway:ap-northeast-2::/apis/1acgaqfa8f/routes/u42m1ya`\n"
                },
                {
                    "date": 1746970951257,
                    "content": "Index: \n===================================================================\n--- \n+++ \n@@ -40,8 +40,11 @@\n ```sh\n pnpm i pnpm i @julooga/doctor_guide_api_sdk\n ```\n \n+- 아래와 같이 사용하세요.\n+- \n+\n ## 사용한 AWS 리소스 (AWS Resources Used) ☁️\n \n - **DynamoDB** 🗄️\n   - Hospital-safetydata: `arn:aws:dynamodb:ap-northeast-2:166287530750:table/Hospital-safetydata`\n"
                },
                {
                    "date": 1746970956338,
                    "content": "Index: \n===================================================================\n--- \n+++ \n@@ -40,11 +40,8 @@\n ```sh\n pnpm i pnpm i @julooga/doctor_guide_api_sdk\n ```\n \n-- 아래와 같이 사용하세요.\n-- \n-\n ## 사용한 AWS 리소스 (AWS Resources Used) ☁️\n \n - **DynamoDB** 🗄️\n   - Hospital-safetydata: `arn:aws:dynamodb:ap-northeast-2:166287530750:table/Hospital-safetydata`\n"
                },
                {
                    "date": 1746973853118,
                    "content": "Index: \n===================================================================\n--- \n+++ \n@@ -37,9 +37,9 @@\n \n - 아래의 명령어로 디펜던시를 설치하세요.\n \n ```sh\n-pnpm i pnpm i @julooga/doctor_guide_api_sdk\n+pnpm i @julooga/doctor_guide_api_sdk@latest\n ```\n \n ## 사용한 AWS 리소스 (AWS Resources Used) ☁️\n \n"
                },
                {
                    "date": 1746973860220,
                    "content": "Index: \n===================================================================\n--- \n+++ \n@@ -40,8 +40,10 @@\n ```sh\n pnpm i @julooga/doctor_guide_api_sdk@latest\n ```\n \n+\n+\n ## 사용한 AWS 리소스 (AWS Resources Used) ☁️\n \n - **DynamoDB** 🗄️\n   - Hospital-safetydata: `arn:aws:dynamodb:ap-northeast-2:166287530750:table/Hospital-safetydata`\n"
                },
                {
                    "date": 1746973868164,
                    "content": "Index: \n===================================================================\n--- \n+++ \n@@ -40,10 +40,11 @@\n ```sh\n pnpm i @julooga/doctor_guide_api_sdk@latest\n ```\n \n+- 아래와 같이 사용하세요.\n+  \n \n-\n ## 사용한 AWS 리소스 (AWS Resources Used) ☁️\n \n - **DynamoDB** 🗄️\n   - Hospital-safetydata: `arn:aws:dynamodb:ap-northeast-2:166287530750:table/Hospital-safetydata`\n"
                },
                {
                    "date": 1746973876785,
                    "content": "Index: \n===================================================================\n--- \n+++ \n@@ -41,10 +41,12 @@\n pnpm i @julooga/doctor_guide_api_sdk@latest\n ```\n \n - 아래와 같이 사용하세요.\n-  \n+```ts\n \n+```  \n+\n ## 사용한 AWS 리소스 (AWS Resources Used) ☁️\n \n - **DynamoDB** 🗄️\n   - Hospital-safetydata: `arn:aws:dynamodb:ap-northeast-2:166287530750:table/Hospital-safetydata`\n"
                },
                {
                    "date": 1746974057687,
                    "content": "Index: \n===================================================================\n--- \n+++ \n@@ -42,9 +42,27 @@\n ```\n \n - 아래와 같이 사용하세요.\n ```ts\n+import { Api } from \"@julooga/doctor_guide_api_sdk\";\n \n+const api = new Api({\n+  baseURL: \"https://1acgaqfa8f.execute-api.ap-northeast-2.amazonaws.com\",\n+});\n+const result = await api.hospital.getHospital({ limit: 1 });\n+console.log(result.data);\n+/**\n+{\n+  success: true,\n+  data: {\n+    list: [\n+      [Object ...]\n+    ],\n+    cursor: \"eyJJTlNUX0lEIjoiQTIxMDc3NzgifQ\",\n+  },\n+}\n+ */\n+\n ```  \n \n ## 사용한 AWS 리소스 (AWS Resources Used) ☁️\n \n"
                }
            ],
            "date": 1746969328934,
            "name": "Commit-0",
            "content": "# 긴급정보 서비스 API (Emergency Info Service API) 🚑🌐\n\n[![semantic-release: hono](https://img.shields.io/badge/semantic--release-hono-e10079?logo=semantic-release)](https://github.com/semantic-release/semantic-release)\n\n## 개발환경 (Development Environment) 🛠️\n\n```plaintext\n\"node\": \">=20.0.0\"\n\"pnpm\": \">=9.0.0\"\n```\n\n## 배포 (Deployment) 🚀\n\n```plaintext\npnpm i\npnpm lambda:deploy\n```\n\n## 리소스 주소 (Resource URLs) 🌍\n\n- **스웨거 UI (Swagger UI)**: [https://1acgaqfa8f.execute-api.ap-northeast-2.amazonaws.com/](https://1acgaqfa8f.execute-api.ap-northeast-2.amazonaws.com/) 📖\n- **스웨거 Docs (Swagger Docs)**: [https://1acgaqfa8f.execute-api.ap-northeast-2.amazonaws.com/docs](https://1acgaqfa8f.execute-api.ap-northeast-2.amazonaws.com/docs) 📚\n\n\n\n\n## 사용한 AWS 리소스 (AWS Resources Used) ☁️\n\n- **DynamoDB** 🗄️\n  - Hospital-safetydata: `arn:aws:dynamodb:ap-northeast-2:166287530750:table/Hospital-safetydata`\n  - Pharamacy-safetydata: `arn:aws:dynamodb:ap-northeast-2:166287530750:table/Pharamacy-safetydata`\n- **Lambda** 🖥️: `arn:aws:lambda:ap-northeast-2:166287530750:function:doctor_guide_api`\n- **API Gateway** 🌐\n  - `/`: `arn:aws:apigateway:ap-northeast-2::/apis/1acgaqfa8f/routes/1gqsibp`\n  - `/docs`: `arn:aws:apigateway:ap-northeast-2::/apis/1acgaqfa8f/routes/u42m1ya`\n"
        }
    ]
}