{
    "sourceFile": "serverless.yml",
    "activeCommit": 0,
    "commits": [
        {
            "activePatchIndex": 24,
            "patches": [
                {
                    "date": 1748159927251,
                    "content": "Index: \n===================================================================\n--- \n+++ \n"
                },
                {
                    "date": 1748159955327,
                    "content": "Index: \n===================================================================\n--- \n+++ \n@@ -1,8 +1,8 @@\n # \"org\" ensures this Service is used with the correct Serverless Framework Access Key.\n org: illuwa\n # \"service\" is the name of this project. This will also be added to your AWS resource names.\n-service: doctor\n+service: doctor_guide_api\n \n provider:\n   name: aws\n   runtime: nodejs22.x\n@@ -21,28 +21,19 @@\n         - dynamodb:UpdateItem\n         - dynamodb:DeleteItem\n       Resource:\n         - !GetAtt CategoryTable.Arn\n-        - !Sub \"${CategoryTable.Arn}/index/*\"\n-    - Effect: Allow\n-      Action:\n-        - s3:GetObject\n-        - s3:PutObject\n-        - s3:DeleteObject\n-        - s3:ListBucket\n-      Resource:\n-        - !GetAtt CategoryImageBucket.Arn\n-        - !Sub \"${CategoryImageBucket.Arn}/*\"\n+        - !Sub '${CategoryTable.Arn}/index/*'\n \n package:\n   patterns:\n-    - \"!node_modules/**\"\n-    - \"!*.ts\"\n-    - \"!tsconfig.json\"\n-    - \"!.git/**\"\n-    - \"!.vscode/**\"\n-    - \"handlers/**/*.js\"\n-    - \"dist/**/*.js\"\n+    - '!node_modules/**'\n+    - '!*.ts'\n+    - '!tsconfig.json'\n+    - '!.git/**'\n+    - '!.vscode/**'\n+    - 'handlers/**/*.js'\n+    - 'dist/**/*.js'\n \n resources:\n   Resources:\n     CategoryImageBucket:\n@@ -72,27 +63,27 @@\n             KeyType: RANGE\n \n   Outputs:\n     CategoryImageBucketName:\n-      Description: \"Name of the S3 bucket for category images\"\n+      Description: 'Name of the S3 bucket for category images'\n       Value: !Ref CategoryImageBucket\n       Export:\n         Name: ${self:service}-${self:provider.stage}-CategoryImageBucketName\n \n     CategoryImageBucketArn:\n-      Description: \"ARN of the S3 bucket for category images\"\n+      Description: 'ARN of the S3 bucket for category images'\n       Value: !GetAtt CategoryImageBucket.Arn\n       Export:\n         Name: ${self:service}-${self:provider.stage}-CategoryImageBucketArn\n \n     CategoryTableName:\n-      Description: \"Name of the DynamoDB table for categories\"\n+      Description: 'Name of the DynamoDB table for categories'\n       Value: !Ref CategoryTable\n       Export:\n         Name: ${self:service}-${self:provider.stage}-CategoryTableName\n \n     CategoryTableArn:\n-      Description: \"ARN of the DynamoDB table for categories\"\n+      Description: 'ARN of the DynamoDB table for categories'\n       Value: !GetAtt CategoryTable.Arn\n       Export:\n         Name: ${self:service}-${self:provider.stage}-CategoryTableArn\n \n"
                },
                {
                    "date": 1748159975014,
                    "content": "Index: \n===================================================================\n--- \n+++ \n@@ -89,21 +89,4 @@\n \n functions:\n   getUploadUrl:\n     handler: dist/getUploadUrl.getUploadUrl\n-    environment:\n-      BUCKET_NAME: !Ref CategoryImageBucket\n-      TABLE_NAME: !Ref CategoryTable\n-    events:\n-      - httpApi:\n-          path: /getUploadUrl\n-          method: post\n-  updateCategoryImage:\n-    handler: dist/updateCategoryImage.updateCategoryImage\n-    environment:\n-      BUCKET_NAME: !Ref CategoryImageBucket\n-      TABLE_NAME: !Ref CategoryTable\n-    events:\n-      - s3:\n-          bucket: !Ref CategoryImageBucket\n-          event: s3:ObjectCreated:*\n-          existing: false\n"
                },
                {
                    "date": 1748160100375,
                    "content": "Index: \n===================================================================\n--- \n+++ \n@@ -89,4 +89,21 @@\n \n functions:\n   getUploadUrl:\n     handler: dist/getUploadUrl.getUploadUrl\n+    environment:\n+      BUCKET_NAME: !Ref CategoryImageBucket\n+      TABLE_NAME: !Ref CategoryTable\n+    events:\n+      - httpApi:\n+          path: /getUploadUrl\n+          method: post\n+  updateCategoryImage:\n+    handler: dist/updateCategoryImage.updateCategoryImage\n+    environment:\n+      BUCKET_NAME: !Ref CategoryImageBucket\n+      TABLE_NAME: !Ref CategoryTable\n+    events:\n+      - s3:\n+          bucket: !Ref CategoryImageBucket\n+          event: s3:ObjectCreated:*\n+          existing: false\n"
                },
                {
                    "date": 1748160109491,
                    "content": "Index: \n===================================================================\n--- \n+++ \n@@ -89,11 +89,8 @@\n \n functions:\n   getUploadUrl:\n     handler: dist/getUploadUrl.getUploadUrl\n-    environment:\n-      BUCKET_NAME: !Ref CategoryImageBucket\n-      TABLE_NAME: !Ref CategoryTable\n     events:\n       - httpApi:\n           path: /getUploadUrl\n           method: post\n"
                },
                {
                    "date": 1748160127390,
                    "content": "Index: \n===================================================================\n--- \n+++ \n@@ -0,0 +1,106 @@\n+# \"org\" ensures this Service is used with the correct Serverless Framework Access Key.\n+org: illuwa\n+# \"service\" is the name of this project. This will also be added to your AWS resource names.\n+service: doctor_guide_api\n+\n+provider:\n+  name: aws\n+  runtime: nodejs22.x\n+  region: ap-northeast-2\n+  stage: ${opt:stage, 'dev'}\n+  environment:\n+    BUCKET_NAME: !Ref CategoryImageBucket\n+    TABLE_NAME: !Ref CategoryTable\n+  iamRoleStatements:\n+    - Effect: Allow\n+      Action:\n+        - dynamodb:Query\n+        - dynamodb:Scan\n+        - dynamodb:GetItem\n+        - dynamodb:PutItem\n+        - dynamodb:UpdateItem\n+        - dynamodb:DeleteItem\n+      Resource:\n+        - !GetAtt CategoryTable.Arn\n+        - !Sub '${CategoryTable.Arn}/index/*'\n+\n+package:\n+  patterns:\n+    - '!node_modules/**'\n+    - '!*.ts'\n+    - '!tsconfig.json'\n+    - '!.git/**'\n+    - '!.vscode/**'\n+    - 'handlers/**/*.js'\n+    - 'dist/**/*.js'\n+\n+resources:\n+  Resources:\n+    CategoryImageBucket:\n+      Type: AWS::S3::Bucket\n+      Properties:\n+        BucketName: ${self:service}-${self:provider.stage}-category-images\n+        PublicAccessBlockConfiguration:\n+          BlockPublicAcls: false\n+          BlockPublicPolicy: false\n+          IgnorePublicAcls: false\n+          RestrictPublicBuckets: false\n+\n+    CategoryTable:\n+      Type: AWS::DynamoDB::Table\n+      Properties:\n+        TableName: Categories\n+        BillingMode: PAY_PER_REQUEST\n+        AttributeDefinitions:\n+          - AttributeName: pk\n+            AttributeType: S\n+          - AttributeName: sk\n+            AttributeType: S\n+        KeySchema:\n+          - AttributeName: pk\n+            KeyType: HASH\n+          - AttributeName: sk\n+            KeyType: RANGE\n+\n+  Outputs:\n+    CategoryImageBucketName:\n+      Description: 'Name of the S3 bucket for category images'\n+      Value: !Ref CategoryImageBucket\n+      Export:\n+        Name: ${self:service}-${self:provider.stage}-CategoryImageBucketName\n+\n+    CategoryImageBucketArn:\n+      Description: 'ARN of the S3 bucket for category images'\n+      Value: !GetAtt CategoryImageBucket.Arn\n+      Export:\n+        Name: ${self:service}-${self:provider.stage}-CategoryImageBucketArn\n+\n+    CategoryTableName:\n+      Description: 'Name of the DynamoDB table for categories'\n+      Value: !Ref CategoryTable\n+      Export:\n+        Name: ${self:service}-${self:provider.stage}-CategoryTableName\n+\n+    CategoryTableArn:\n+      Description: 'ARN of the DynamoDB table for categories'\n+      Value: !GetAtt CategoryTable.Arn\n+      Export:\n+        Name: ${self:service}-${self:provider.stage}-CategoryTableArn\n+\n+functions:\n+  getUploadUrl:\n+    handler: dist/getUploadUrl.getUploadUrl\n+    events:\n+      - httpApi:\n+          path: /hospital\n+          method: post\n+  updateCategoryImage:\n+    handler: dist/updateCategoryImage.updateCategoryImage\n+    environment:\n+      BUCKET_NAME: !Ref CategoryImageBucket\n+      TABLE_NAME: !Ref CategoryTable\n+    events:\n+      - s3:\n+          bucket: !Ref CategoryImageBucket\n+          event: s3:ObjectCreated:*\n+          existing: false\n"
                },
                {
                    "date": 1748160136844,
                    "content": "Index: \n===================================================================\n--- \n+++ \n@@ -93,120 +93,4 @@\n     events:\n       - httpApi:\n           path: /hospital\n           method: post\n-  updateCategoryImage:\n-    handler: dist/updateCategoryImage.updateCategoryImage\n-    environment:\n-      BUCKET_NAME: !Ref CategoryImageBucket\n-      TABLE_NAME: !Ref CategoryTable\n-    events:\n-      - s3:\n-          bucket: !Ref CategoryImageBucket\n-          event: s3:ObjectCreated:*\n-          existing: false\n-# \"org\" ensures this Service is used with the correct Serverless Framework Access Key.\n-org: illuwa\n-# \"service\" is the name of this project. This will also be added to your AWS resource names.\n-service: doctor_guide_api\n-\n-provider:\n-  name: aws\n-  runtime: nodejs22.x\n-  region: ap-northeast-2\n-  stage: ${opt:stage, 'dev'}\n-  environment:\n-    BUCKET_NAME: !Ref CategoryImageBucket\n-    TABLE_NAME: !Ref CategoryTable\n-  iamRoleStatements:\n-    - Effect: Allow\n-      Action:\n-        - dynamodb:Query\n-        - dynamodb:Scan\n-        - dynamodb:GetItem\n-        - dynamodb:PutItem\n-        - dynamodb:UpdateItem\n-        - dynamodb:DeleteItem\n-      Resource:\n-        - !GetAtt CategoryTable.Arn\n-        - !Sub '${CategoryTable.Arn}/index/*'\n-\n-package:\n-  patterns:\n-    - '!node_modules/**'\n-    - '!*.ts'\n-    - '!tsconfig.json'\n-    - '!.git/**'\n-    - '!.vscode/**'\n-    - 'handlers/**/*.js'\n-    - 'dist/**/*.js'\n-\n-resources:\n-  Resources:\n-    CategoryImageBucket:\n-      Type: AWS::S3::Bucket\n-      Properties:\n-        BucketName: ${self:service}-${self:provider.stage}-category-images\n-        PublicAccessBlockConfiguration:\n-          BlockPublicAcls: false\n-          BlockPublicPolicy: false\n-          IgnorePublicAcls: false\n-          RestrictPublicBuckets: false\n-\n-    CategoryTable:\n-      Type: AWS::DynamoDB::Table\n-      Properties:\n-        TableName: Categories\n-        BillingMode: PAY_PER_REQUEST\n-        AttributeDefinitions:\n-          - AttributeName: pk\n-            AttributeType: S\n-          - AttributeName: sk\n-            AttributeType: S\n-        KeySchema:\n-          - AttributeName: pk\n-            KeyType: HASH\n-          - AttributeName: sk\n-            KeyType: RANGE\n-\n-  Outputs:\n-    CategoryImageBucketName:\n-      Description: 'Name of the S3 bucket for category images'\n-      Value: !Ref CategoryImageBucket\n-      Export:\n-        Name: ${self:service}-${self:provider.stage}-CategoryImageBucketName\n-\n-    CategoryImageBucketArn:\n-      Description: 'ARN of the S3 bucket for category images'\n-      Value: !GetAtt CategoryImageBucket.Arn\n-      Export:\n-        Name: ${self:service}-${self:provider.stage}-CategoryImageBucketArn\n-\n-    CategoryTableName:\n-      Description: 'Name of the DynamoDB table for categories'\n-      Value: !Ref CategoryTable\n-      Export:\n-        Name: ${self:service}-${self:provider.stage}-CategoryTableName\n-\n-    CategoryTableArn:\n-      Description: 'ARN of the DynamoDB table for categories'\n-      Value: !GetAtt CategoryTable.Arn\n-      Export:\n-        Name: ${self:service}-${self:provider.stage}-CategoryTableArn\n-\n-functions:\n-  getUploadUrl:\n-    handler: dist/getUploadUrl.getUploadUrl\n-    events:\n-      - httpApi:\n-          path: /getUploadUrl\n-          method: post\n-  updateCategoryImage:\n-    handler: dist/updateCategoryImage.updateCategoryImage\n-    environment:\n-      BUCKET_NAME: !Ref CategoryImageBucket\n-      TABLE_NAME: !Ref CategoryTable\n-    events:\n-      - s3:\n-          bucket: !Ref CategoryImageBucket\n-          event: s3:ObjectCreated:*\n-          existing: false\n"
                },
                {
                    "date": 1748160145369,
                    "content": "Index: \n===================================================================\n--- \n+++ \n@@ -88,9 +88,9 @@\n         Name: ${self:service}-${self:provider.stage}-CategoryTableArn\n \n functions:\n   getUploadUrl:\n-    handler: dist/getUploadUrl.getUploadUrl\n+    handler: dist/getUploadUrl.hospital\n     events:\n       - httpApi:\n           path: /hospital\n-          method: post\n+          method: get\n"
                },
                {
                    "date": 1748160166795,
                    "content": "Index: \n===================================================================\n--- \n+++ \n@@ -88,9 +88,9 @@\n         Name: ${self:service}-${self:provider.stage}-CategoryTableArn\n \n functions:\n   getUploadUrl:\n-    handler: dist/getUploadUrl.hospital\n+    handler: dist/handler\n     events:\n       - httpApi:\n           path: /hospital\n           method: get\n"
                },
                {
                    "date": 1748160173437,
                    "content": "Index: \n===================================================================\n--- \n+++ \n@@ -87,9 +87,9 @@\n       Export:\n         Name: ${self:service}-${self:provider.stage}-CategoryTableArn\n \n functions:\n-  getUploadUrl:\n+  hospital:\n     handler: dist/handler\n     events:\n       - httpApi:\n           path: /hospital\n"
                },
                {
                    "date": 1748160178569,
                    "content": "Index: \n===================================================================\n--- \n+++ \n@@ -93,4 +93,10 @@\n     events:\n       - httpApi:\n           path: /hospital\n           method: get\n+  hospital:\n+    handler: dist/handler\n+    events:\n+      - httpApi:\n+          path: /hospital\n+          method: get\n"
                },
                {
                    "date": 1748160185328,
                    "content": "Index: \n===================================================================\n--- \n+++ \n@@ -0,0 +1,102 @@\n+# \"org\" ensures this Service is used with the correct Serverless Framework Access Key.\n+org: illuwa\n+# \"service\" is the name of this project. This will also be added to your AWS resource names.\n+service: doctor_guide_api\n+\n+provider:\n+  name: aws\n+  runtime: nodejs22.x\n+  region: ap-northeast-2\n+  stage: ${opt:stage, 'dev'}\n+  environment:\n+    BUCKET_NAME: !Ref CategoryImageBucket\n+    TABLE_NAME: !Ref CategoryTable\n+  iamRoleStatements:\n+    - Effect: Allow\n+      Action:\n+        - dynamodb:Query\n+        - dynamodb:Scan\n+        - dynamodb:GetItem\n+        - dynamodb:PutItem\n+        - dynamodb:UpdateItem\n+        - dynamodb:DeleteItem\n+      Resource:\n+        - !GetAtt CategoryTable.Arn\n+        - !Sub '${CategoryTable.Arn}/index/*'\n+\n+package:\n+  patterns:\n+    - '!node_modules/**'\n+    - '!*.ts'\n+    - '!tsconfig.json'\n+    - '!.git/**'\n+    - '!.vscode/**'\n+    - 'handlers/**/*.js'\n+    - 'dist/**/*.js'\n+\n+resources:\n+  Resources:\n+    CategoryImageBucket:\n+      Type: AWS::S3::Bucket\n+      Properties:\n+        BucketName: ${self:service}-${self:provider.stage}-category-images\n+        PublicAccessBlockConfiguration:\n+          BlockPublicAcls: false\n+          BlockPublicPolicy: false\n+          IgnorePublicAcls: false\n+          RestrictPublicBuckets: false\n+\n+    CategoryTable:\n+      Type: AWS::DynamoDB::Table\n+      Properties:\n+        TableName: Categories\n+        BillingMode: PAY_PER_REQUEST\n+        AttributeDefinitions:\n+          - AttributeName: pk\n+            AttributeType: S\n+          - AttributeName: sk\n+            AttributeType: S\n+        KeySchema:\n+          - AttributeName: pk\n+            KeyType: HASH\n+          - AttributeName: sk\n+            KeyType: RANGE\n+\n+  Outputs:\n+    CategoryImageBucketName:\n+      Description: 'Name of the S3 bucket for category images'\n+      Value: !Ref CategoryImageBucket\n+      Export:\n+        Name: ${self:service}-${self:provider.stage}-CategoryImageBucketName\n+\n+    CategoryImageBucketArn:\n+      Description: 'ARN of the S3 bucket for category images'\n+      Value: !GetAtt CategoryImageBucket.Arn\n+      Export:\n+        Name: ${self:service}-${self:provider.stage}-CategoryImageBucketArn\n+\n+    CategoryTableName:\n+      Description: 'Name of the DynamoDB table for categories'\n+      Value: !Ref CategoryTable\n+      Export:\n+        Name: ${self:service}-${self:provider.stage}-CategoryTableName\n+\n+    CategoryTableArn:\n+      Description: 'ARN of the DynamoDB table for categories'\n+      Value: !GetAtt CategoryTable.Arn\n+      Export:\n+        Name: ${self:service}-${self:provider.stage}-CategoryTableArn\n+\n+functions:\n+  hospital:\n+    handler: dist/handler\n+    events:\n+      - httpApi:\n+          path: /hospital\n+          method: get\n+  hospital:\n+    handler: dist/handler\n+    events:\n+      - httpApi:\n+          path: /pharamacy\n+          method: get\n"
                },
                {
                    "date": 1748160727562,
                    "content": "Index: \n===================================================================\n--- \n+++ \n@@ -45,9 +45,9 @@\n           BlockPublicPolicy: false\n           IgnorePublicAcls: false\n           RestrictPublicBuckets: false\n \n-    CategoryTable:\n+    Hospital-safetydata:\n       Type: AWS::DynamoDB::Table\n       Properties:\n         TableName: Categories\n         BillingMode: PAY_PER_REQUEST\n@@ -93,112 +93,10 @@\n     events:\n       - httpApi:\n           path: /hospital\n           method: get\n-  hospital:\n+  pharamacy:\n     handler: dist/handler\n     events:\n       - httpApi:\n           path: /pharamacy\n           method: get\n-# \"org\" ensures this Service is used with the correct Serverless Framework Access Key.\n-org: illuwa\n-# \"service\" is the name of this project. This will also be added to your AWS resource names.\n-service: doctor_guide_api\n-\n-provider:\n-  name: aws\n-  runtime: nodejs22.x\n-  region: ap-northeast-2\n-  stage: ${opt:stage, 'dev'}\n-  environment:\n-    BUCKET_NAME: !Ref CategoryImageBucket\n-    TABLE_NAME: !Ref CategoryTable\n-  iamRoleStatements:\n-    - Effect: Allow\n-      Action:\n-        - dynamodb:Query\n-        - dynamodb:Scan\n-        - dynamodb:GetItem\n-        - dynamodb:PutItem\n-        - dynamodb:UpdateItem\n-        - dynamodb:DeleteItem\n-      Resource:\n-        - !GetAtt CategoryTable.Arn\n-        - !Sub '${CategoryTable.Arn}/index/*'\n-\n-package:\n-  patterns:\n-    - '!node_modules/**'\n-    - '!*.ts'\n-    - '!tsconfig.json'\n-    - '!.git/**'\n-    - '!.vscode/**'\n-    - 'handlers/**/*.js'\n-    - 'dist/**/*.js'\n-\n-resources:\n-  Resources:\n-    CategoryImageBucket:\n-      Type: AWS::S3::Bucket\n-      Properties:\n-        BucketName: ${self:service}-${self:provider.stage}-category-images\n-        PublicAccessBlockConfiguration:\n-          BlockPublicAcls: false\n-          BlockPublicPolicy: false\n-          IgnorePublicAcls: false\n-          RestrictPublicBuckets: false\n-\n-    CategoryTable:\n-      Type: AWS::DynamoDB::Table\n-      Properties:\n-        TableName: Categories\n-        BillingMode: PAY_PER_REQUEST\n-        AttributeDefinitions:\n-          - AttributeName: pk\n-            AttributeType: S\n-          - AttributeName: sk\n-            AttributeType: S\n-        KeySchema:\n-          - AttributeName: pk\n-            KeyType: HASH\n-          - AttributeName: sk\n-            KeyType: RANGE\n-\n-  Outputs:\n-    CategoryImageBucketName:\n-      Description: 'Name of the S3 bucket for category images'\n-      Value: !Ref CategoryImageBucket\n-      Export:\n-        Name: ${self:service}-${self:provider.stage}-CategoryImageBucketName\n-\n-    CategoryImageBucketArn:\n-      Description: 'ARN of the S3 bucket for category images'\n-      Value: !GetAtt CategoryImageBucket.Arn\n-      Export:\n-        Name: ${self:service}-${self:provider.stage}-CategoryImageBucketArn\n-\n-    CategoryTableName:\n-      Description: 'Name of the DynamoDB table for categories'\n-      Value: !Ref CategoryTable\n-      Export:\n-        Name: ${self:service}-${self:provider.stage}-CategoryTableName\n-\n-    CategoryTableArn:\n-      Description: 'ARN of the DynamoDB table for categories'\n-      Value: !GetAtt CategoryTable.Arn\n-      Export:\n-        Name: ${self:service}-${self:provider.stage}-CategoryTableArn\n-\n-functions:\n-  hospital:\n-    handler: dist/handler\n-    events:\n-      - httpApi:\n-          path: /hospital\n-          method: get\n-  hospital:\n-    handler: dist/handler\n-    events:\n-      - httpApi:\n-          path: /hospital\n-          method: get\n"
                },
                {
                    "date": 1748160737594,
                    "content": "Index: \n===================================================================\n--- \n+++ \n@@ -35,19 +35,9 @@\n     - 'dist/**/*.js'\n \n resources:\n   Resources:\n-    CategoryImageBucket:\n-      Type: AWS::S3::Bucket\n-      Properties:\n-        BucketName: ${self:service}-${self:provider.stage}-category-images\n-        PublicAccessBlockConfiguration:\n-          BlockPublicAcls: false\n-          BlockPublicPolicy: false\n-          IgnorePublicAcls: false\n-          RestrictPublicBuckets: false\n-\n-    Hospital-safetydata:\n+    CategoryTable:\n       Type: AWS::DynamoDB::Table\n       Properties:\n         TableName: Categories\n         BillingMode: PAY_PER_REQUEST\n"
                },
                {
                    "date": 1748160747260,
                    "content": "Index: \n===================================================================\n--- \n+++ \n@@ -51,33 +51,8 @@\n             KeyType: HASH\n           - AttributeName: sk\n             KeyType: RANGE\n \n-  Outputs:\n-    CategoryImageBucketName:\n-      Description: 'Name of the S3 bucket for category images'\n-      Value: !Ref CategoryImageBucket\n-      Export:\n-        Name: ${self:service}-${self:provider.stage}-CategoryImageBucketName\n-\n-    CategoryImageBucketArn:\n-      Description: 'ARN of the S3 bucket for category images'\n-      Value: !GetAtt CategoryImageBucket.Arn\n-      Export:\n-        Name: ${self:service}-${self:provider.stage}-CategoryImageBucketArn\n-\n-    CategoryTableName:\n-      Description: 'Name of the DynamoDB table for categories'\n-      Value: !Ref CategoryTable\n-      Export:\n-        Name: ${self:service}-${self:provider.stage}-CategoryTableName\n-\n-    CategoryTableArn:\n-      Description: 'ARN of the DynamoDB table for categories'\n-      Value: !GetAtt CategoryTable.Arn\n-      Export:\n-        Name: ${self:service}-${self:provider.stage}-CategoryTableArn\n-\n functions:\n   hospital:\n     handler: dist/handler\n     events:\n"
                },
                {
                    "date": 1748160760833,
                    "content": "Index: \n===================================================================\n--- \n+++ \n@@ -7,11 +7,8 @@\n   name: aws\n   runtime: nodejs22.x\n   region: ap-northeast-2\n   stage: ${opt:stage, 'dev'}\n-  environment:\n-    BUCKET_NAME: !Ref CategoryImageBucket\n-    TABLE_NAME: !Ref CategoryTable\n   iamRoleStatements:\n     - Effect: Allow\n       Action:\n         - dynamodb:Query\n"
                },
                {
                    "date": 1748160769771,
                    "content": "Index: \n===================================================================\n--- \n+++ \n@@ -35,9 +35,9 @@\n   Resources:\n     CategoryTable:\n       Type: AWS::DynamoDB::Table\n       Properties:\n-        TableName: Categories\n+        TableName: Hospital-safetydata\n         BillingMode: PAY_PER_REQUEST\n         AttributeDefinitions:\n           - AttributeName: pk\n             AttributeType: S\n"
                },
                {
                    "date": 1748160800386,
                    "content": "Index: \n===================================================================\n--- \n+++ \n@@ -32,9 +32,9 @@\n     - 'dist/**/*.js'\n \n resources:\n   Resources:\n-    CategoryTable:\n+    Hospital-safetydata:\n       Type: AWS::DynamoDB::Table\n       Properties:\n         TableName: Hospital-safetydata\n         BillingMode: PAY_PER_REQUEST\n@@ -47,8 +47,23 @@\n           - AttributeName: pk\n             KeyType: HASH\n           - AttributeName: sk\n             KeyType: RANGE\n+    Hospital-safetydata:\n+      Type: AWS::DynamoDB::Table\n+      Properties:\n+        TableName: Hospital-safetydata\n+        BillingMode: PAY_PER_REQUEST\n+        AttributeDefinitions:\n+          - AttributeName: pk\n+            AttributeType: S\n+          - AttributeName: sk\n+            AttributeType: S\n+        KeySchema:\n+          - AttributeName: pk\n+            KeyType: HASH\n+          - AttributeName: sk\n+            KeyType: RANGE\n \n functions:\n   hospital:\n     handler: dist/handler\n"
                },
                {
                    "date": 1748160806933,
                    "content": "Index: \n===================================================================\n--- \n+++ \n@@ -47,9 +47,9 @@\n           - AttributeName: pk\n             KeyType: HASH\n           - AttributeName: sk\n             KeyType: RANGE\n-    Hospital-safetydata:\n+    Pharamacy-safetydata:\n       Type: AWS::DynamoDB::Table\n       Properties:\n         TableName: Hospital-safetydata\n         BillingMode: PAY_PER_REQUEST\n"
                },
                {
                    "date": 1748160951340,
                    "content": "Index: \n===================================================================\n--- \n+++ \n@@ -17,24 +17,25 @@\n         - dynamodb:PutItem\n         - dynamodb:UpdateItem\n         - dynamodb:DeleteItem\n       Resource:\n-        - !GetAtt CategoryTable.Arn\n-        - !Sub '${CategoryTable.Arn}/index/*'\n+        - !GetAtt HospitalSafetydata.Arn\n+        - !Sub '${HospitalSafetydata.Arn}/index/*'\n+        - !GetAtt PharmacySafetydata.Arn\n+        - !Sub '${PharmacySafetydata.Arn}/index/*'\n \n package:\n   patterns:\n     - '!node_modules/**'\n     - '!*.ts'\n     - '!tsconfig.json'\n     - '!.git/**'\n     - '!.vscode/**'\n-    - 'handlers/**/*.js'\n     - 'dist/**/*.js'\n \n resources:\n   Resources:\n-    Hospital-safetydata:\n+    HospitalSafetydata:\n       Type: AWS::DynamoDB::Table\n       Properties:\n         TableName: Hospital-safetydata\n         BillingMode: PAY_PER_REQUEST\n@@ -47,12 +48,12 @@\n           - AttributeName: pk\n             KeyType: HASH\n           - AttributeName: sk\n             KeyType: RANGE\n-    Pharamacy-safetydata:\n+    PharmacySafetydata:\n       Type: AWS::DynamoDB::Table\n       Properties:\n-        TableName: Hospital-safetydata\n+        TableName: Pharmacy-safetydata\n         BillingMode: PAY_PER_REQUEST\n         AttributeDefinitions:\n           - AttributeName: pk\n             AttributeType: S\n@@ -65,15 +66,15 @@\n             KeyType: RANGE\n \n functions:\n   hospital:\n-    handler: dist/handler\n+    handler: dist/index.handler\n     events:\n       - httpApi:\n           path: /hospital\n           method: get\n-  pharamacy:\n-    handler: dist/handler\n+  pharmacy:\n+    handler: dist/index.handler\n     events:\n       - httpApi:\n-          path: /pharamacy\n+          path: /pharmacy\n           method: get\n"
                },
                {
                    "date": 1748161033146,
                    "content": "Index: \n===================================================================\n--- \n+++ \n@@ -1,8 +1,8 @@\n # \"org\" ensures this Service is used with the correct Serverless Framework Access Key.\n org: illuwa\n # \"service\" is the name of this project. This will also be added to your AWS resource names.\n-service: doctor_guide_api\n+service: doctor-guide_api\n \n provider:\n   name: aws\n   runtime: nodejs22.x\n"
                },
                {
                    "date": 1748161507457,
                    "content": "Index: \n===================================================================\n--- \n+++ \n@@ -1,8 +1,8 @@\n # \"org\" ensures this Service is used with the correct Serverless Framework Access Key.\n org: illuwa\n # \"service\" is the name of this project. This will also be added to your AWS resource names.\n-service: doctor-guide_api\n+service: doctor-guide-api\n \n provider:\n   name: aws\n   runtime: nodejs22.x\n@@ -43,13 +43,64 @@\n           - AttributeName: pk\n             AttributeType: S\n           - AttributeName: sk\n             AttributeType: S\n+          - AttributeName: HSPTL_CLSF_NM\n+            AttributeType: S\n+          - AttributeName: INST_NM\n+            AttributeType: S\n+          - AttributeName: EMRO_OPER_YN_\n+            AttributeType: S\n+          - AttributeName: ADDR_REGION\n+            AttributeType: S\n+          - AttributeName: HSPTL_LAT\n+            AttributeType: N\n+          - AttributeName: HSPTL_LOT\n+            AttributeType: N\n         KeySchema:\n           - AttributeName: pk\n             KeyType: HASH\n           - AttributeName: sk\n             KeyType: RANGE\n+        GlobalSecondaryIndexes:\n+          - IndexName: hospital-classification-index\n+            KeySchema:\n+              - AttributeName: HSPTL_CLSF_NM\n+                KeyType: HASH\n+              - AttributeName: INST_NM\n+                KeyType: RANGE\n+            Projection:\n+              ProjectionType: ALL\n+          - IndexName: hospital-name-index\n+            KeySchema:\n+              - AttributeName: INST_NM\n+                KeyType: HASH\n+            Projection:\n+              ProjectionType: ALL\n+          - IndexName: emergency-room-index\n+            KeySchema:\n+              - AttributeName: EMRO_OPER_YN_\n+                KeyType: HASH\n+              - AttributeName: HSPTL_CLSF_NM\n+                KeyType: RANGE\n+            Projection:\n+              ProjectionType: ALL\n+          - IndexName: region-index\n+            KeySchema:\n+              - AttributeName: ADDR_REGION\n+                KeyType: HASH\n+              - AttributeName: INST_NM\n+                KeyType: RANGE\n+            Projection:\n+              ProjectionType: ALL\n+          - IndexName: location-index\n+            KeySchema:\n+              - AttributeName: HSPTL_LAT\n+                KeyType: HASH\n+              - AttributeName: HSPTL_LOT\n+                KeyType: RANGE\n+            Projection:\n+              ProjectionType: ALL\n     PharmacySafetydata:\n       Type: AWS::DynamoDB::Table\n       Properties:\n         TableName: Pharmacy-safetydata\n@@ -58,13 +109,54 @@\n           - AttributeName: pk\n             AttributeType: S\n           - AttributeName: sk\n             AttributeType: S\n+          - AttributeName: INST_NM\n+            AttributeType: S\n+          - AttributeName: ADDR_REGION\n+            AttributeType: S\n+          - AttributeName: WKND_MDEXM_YN\n+            AttributeType: S\n+          - AttributeName: LAT\n+            AttributeType: N\n+          - AttributeName: LOT\n+            AttributeType: N\n         KeySchema:\n           - AttributeName: pk\n             KeyType: HASH\n           - AttributeName: sk\n             KeyType: RANGE\n+        GlobalSecondaryIndexes:\n+          - IndexName: pharmacy-name-index\n+            KeySchema:\n+              - AttributeName: INST_NM\n+                KeyType: HASH\n+            Projection:\n+              ProjectionType: ALL\n+          - IndexName: pharmacy-region-index\n+            KeySchema:\n+              - AttributeName: ADDR_REGION\n+                KeyType: HASH\n+              - AttributeName: INST_NM\n+                KeyType: RANGE\n+            Projection:\n+              ProjectionType: ALL\n+          - IndexName: pharmacy-weekend-index\n+            KeySchema:\n+              - AttributeName: WKND_MDEXM_YN\n+                KeyType: HASH\n+              - AttributeName: INST_NM\n+                KeyType: RANGE\n+            Projection:\n+              ProjectionType: ALL\n+          - IndexName: pharmacy-location-index\n+            KeySchema:\n+              - AttributeName: LAT\n+                KeyType: HASH\n+              - AttributeName: LOT\n+                KeyType: RANGE\n+            Projection:\n+              ProjectionType: ALL\n \n functions:\n   hospital:\n     handler: dist/index.handler\n"
                },
                {
                    "date": 1748161638977,
                    "content": "Index: \n===================================================================\n--- \n+++ \n@@ -55,8 +55,10 @@\n           - AttributeName: HSPTL_LAT\n             AttributeType: N\n           - AttributeName: HSPTL_LOT\n             AttributeType: N\n+          - AttributeName: MDEXM_HR_MNDY_S\n+            AttributeType: S\n         KeySchema:\n           - AttributeName: pk\n             KeyType: HASH\n           - AttributeName: sk\n@@ -99,8 +101,16 @@\n               - AttributeName: HSPTL_LOT\n                 KeyType: RANGE\n             Projection:\n               ProjectionType: ALL\n+          - IndexName: weekday-hours-index\n+            KeySchema:\n+              - AttributeName: MDEXM_HR_MNDY_S\n+                KeyType: HASH\n+              - AttributeName: INST_NM\n+                KeyType: RANGE\n+            Projection:\n+              ProjectionType: ALL\n     PharmacySafetydata:\n       Type: AWS::DynamoDB::Table\n       Properties:\n         TableName: Pharmacy-safetydata\n@@ -119,8 +129,10 @@\n           - AttributeName: LAT\n             AttributeType: N\n           - AttributeName: LOT\n             AttributeType: N\n+          - AttributeName: MDEXM_BGNG_HR_MNDY\n+            AttributeType: S\n         KeySchema:\n           - AttributeName: pk\n             KeyType: HASH\n           - AttributeName: sk\n@@ -155,8 +167,16 @@\n               - AttributeName: LOT\n                 KeyType: RANGE\n             Projection:\n               ProjectionType: ALL\n+          - IndexName: pharmacy-weekday-hours-index\n+            KeySchema:\n+              - AttributeName: MDEXM_BGNG_HR_MNDY\n+                KeyType: HASH\n+              - AttributeName: INST_NM\n+                KeyType: RANGE\n+            Projection:\n+              ProjectionType: ALL\n \n functions:\n   hospital:\n     handler: dist/index.handler\n"
                },
                {
                    "date": 1748161761769,
                    "content": "Index: \n===================================================================\n--- \n+++ \n@@ -57,8 +57,20 @@\n           - AttributeName: HSPTL_LOT\n             AttributeType: N\n           - AttributeName: MDEXM_HR_MNDY_S\n             AttributeType: S\n+          - AttributeName: MDEXM_HR_TSDY_S\n+            AttributeType: S\n+          - AttributeName: MDEXM_HR_WDDY_S\n+            AttributeType: S\n+          - AttributeName: MDEXM_HR_THDY_S\n+            AttributeType: S\n+          - AttributeName: MDEXM_HR_FRDY_S\n+            AttributeType: S\n+          - AttributeName: MDEXM_HR_STDY_S\n+            AttributeType: S\n+          - AttributeName: MDEXM_HR_SNDY_S\n+            AttributeType: S\n         KeySchema:\n           - AttributeName: pk\n             KeyType: HASH\n           - AttributeName: sk\n@@ -109,8 +121,56 @@\n               - AttributeName: INST_NM\n                 KeyType: RANGE\n             Projection:\n               ProjectionType: ALL\n+          - IndexName: tuesday-hours-index\n+            KeySchema:\n+              - AttributeName: MDEXM_HR_TSDY_S\n+                KeyType: HASH\n+              - AttributeName: INST_NM\n+                KeyType: RANGE\n+            Projection:\n+              ProjectionType: ALL\n+          - IndexName: wednesday-hours-index\n+            KeySchema:\n+              - AttributeName: MDEXM_HR_WDDY_S\n+                KeyType: HASH\n+              - AttributeName: INST_NM\n+                KeyType: RANGE\n+            Projection:\n+              ProjectionType: ALL\n+          - IndexName: thursday-hours-index\n+            KeySchema:\n+              - AttributeName: MDEXM_HR_THDY_S\n+                KeyType: HASH\n+              - AttributeName: INST_NM\n+                KeyType: RANGE\n+            Projection:\n+              ProjectionType: ALL\n+          - IndexName: friday-hours-index\n+            KeySchema:\n+              - AttributeName: MDEXM_HR_FRDY_S\n+                KeyType: HASH\n+              - AttributeName: INST_NM\n+                KeyType: RANGE\n+            Projection:\n+              ProjectionType: ALL\n+          - IndexName: saturday-hours-index\n+            KeySchema:\n+              - AttributeName: MDEXM_HR_STDY_S\n+                KeyType: HASH\n+              - AttributeName: INST_NM\n+                KeyType: RANGE\n+            Projection:\n+              ProjectionType: ALL\n+          - IndexName: sunday-hours-index\n+            KeySchema:\n+              - AttributeName: MDEXM_HR_SNDY_S\n+                KeyType: HASH\n+              - AttributeName: INST_NM\n+                KeyType: RANGE\n+            Projection:\n+              ProjectionType: ALL\n     PharmacySafetydata:\n       Type: AWS::DynamoDB::Table\n       Properties:\n         TableName: Pharmacy-safetydata\n@@ -131,8 +191,20 @@\n           - AttributeName: LOT\n             AttributeType: N\n           - AttributeName: MDEXM_BGNG_HR_MNDY\n             AttributeType: S\n+          - AttributeName: MDEXM_BGNG_HR_TSDY\n+            AttributeType: S\n+          - AttributeName: MDEXM_BGNG_HR_WDDY\n+            AttributeType: S\n+          - AttributeName: MDEXM_BGNG_HR_THDY\n+            AttributeType: S\n+          - AttributeName: MDEXM_BGNG_HR_FRDY\n+            AttributeType: S\n+          - AttributeName: MDEXM_BGNG_HR_STDY\n+            AttributeType: S\n+          - AttributeName: MDEXM_BGNG_HR_SNDY\n+            AttributeType: S\n         KeySchema:\n           - AttributeName: pk\n             KeyType: HASH\n           - AttributeName: sk\n@@ -175,8 +247,56 @@\n               - AttributeName: INST_NM\n                 KeyType: RANGE\n             Projection:\n               ProjectionType: ALL\n+          - IndexName: pharmacy-tuesday-hours-index\n+            KeySchema:\n+              - AttributeName: MDEXM_BGNG_HR_TSDY\n+                KeyType: HASH\n+              - AttributeName: INST_NM\n+                KeyType: RANGE\n+            Projection:\n+              ProjectionType: ALL\n+          - IndexName: pharmacy-wednesday-hours-index\n+            KeySchema:\n+              - AttributeName: MDEXM_BGNG_HR_WDDY\n+                KeyType: HASH\n+              - AttributeName: INST_NM\n+                KeyType: RANGE\n+            Projection:\n+              ProjectionType: ALL\n+          - IndexName: pharmacy-thursday-hours-index\n+            KeySchema:\n+              - AttributeName: MDEXM_BGNG_HR_THDY\n+                KeyType: HASH\n+              - AttributeName: INST_NM\n+                KeyType: RANGE\n+            Projection:\n+              ProjectionType: ALL\n+          - IndexName: pharmacy-friday-hours-index\n+            KeySchema:\n+              - AttributeName: MDEXM_BGNG_HR_FRDY\n+                KeyType: HASH\n+              - AttributeName: INST_NM\n+                KeyType: RANGE\n+            Projection:\n+              ProjectionType: ALL\n+          - IndexName: pharmacy-saturday-hours-index\n+            KeySchema:\n+              - AttributeName: MDEXM_BGNG_HR_STDY\n+                KeyType: HASH\n+              - AttributeName: INST_NM\n+                KeyType: RANGE\n+            Projection:\n+              ProjectionType: ALL\n+          - IndexName: pharmacy-sunday-hours-index\n+            KeySchema:\n+              - AttributeName: MDEXM_BGNG_HR_SNDY\n+                KeyType: HASH\n+              - AttributeName: INST_NM\n+                KeyType: RANGE\n+            Projection:\n+              ProjectionType: ALL\n \n functions:\n   hospital:\n     handler: dist/index.handler\n"
                },
                {
                    "date": 1748162076403,
                    "content": "Index: \n===================================================================\n--- \n+++ \n@@ -51,26 +51,8 @@\n           - AttributeName: EMRO_OPER_YN_\n             AttributeType: S\n           - AttributeName: ADDR_REGION\n             AttributeType: S\n-          - AttributeName: HSPTL_LAT\n-            AttributeType: N\n-          - AttributeName: HSPTL_LOT\n-            AttributeType: N\n-          - AttributeName: MDEXM_HR_MNDY_S\n-            AttributeType: S\n-          - AttributeName: MDEXM_HR_TSDY_S\n-            AttributeType: S\n-          - AttributeName: MDEXM_HR_WDDY_S\n-            AttributeType: S\n-          - AttributeName: MDEXM_HR_THDY_S\n-            AttributeType: S\n-          - AttributeName: MDEXM_HR_FRDY_S\n-            AttributeType: S\n-          - AttributeName: MDEXM_HR_STDY_S\n-            AttributeType: S\n-          - AttributeName: MDEXM_HR_SNDY_S\n-            AttributeType: S\n         KeySchema:\n           - AttributeName: pk\n             KeyType: HASH\n           - AttributeName: sk\n@@ -105,72 +87,8 @@\n               - AttributeName: INST_NM\n                 KeyType: RANGE\n             Projection:\n               ProjectionType: ALL\n-          - IndexName: location-index\n-            KeySchema:\n-              - AttributeName: HSPTL_LAT\n-                KeyType: HASH\n-              - AttributeName: HSPTL_LOT\n-                KeyType: RANGE\n-            Projection:\n-              ProjectionType: ALL\n-          - IndexName: weekday-hours-index\n-            KeySchema:\n-              - AttributeName: MDEXM_HR_MNDY_S\n-                KeyType: HASH\n-              - AttributeName: INST_NM\n-                KeyType: RANGE\n-            Projection:\n-              ProjectionType: ALL\n-          - IndexName: tuesday-hours-index\n-            KeySchema:\n-              - AttributeName: MDEXM_HR_TSDY_S\n-                KeyType: HASH\n-              - AttributeName: INST_NM\n-                KeyType: RANGE\n-            Projection:\n-              ProjectionType: ALL\n-          - IndexName: wednesday-hours-index\n-            KeySchema:\n-              - AttributeName: MDEXM_HR_WDDY_S\n-                KeyType: HASH\n-              - AttributeName: INST_NM\n-                KeyType: RANGE\n-            Projection:\n-              ProjectionType: ALL\n-          - IndexName: thursday-hours-index\n-            KeySchema:\n-              - AttributeName: MDEXM_HR_THDY_S\n-                KeyType: HASH\n-              - AttributeName: INST_NM\n-                KeyType: RANGE\n-            Projection:\n-              ProjectionType: ALL\n-          - IndexName: friday-hours-index\n-            KeySchema:\n-              - AttributeName: MDEXM_HR_FRDY_S\n-                KeyType: HASH\n-              - AttributeName: INST_NM\n-                KeyType: RANGE\n-            Projection:\n-              ProjectionType: ALL\n-          - IndexName: saturday-hours-index\n-            KeySchema:\n-              - AttributeName: MDEXM_HR_STDY_S\n-                KeyType: HASH\n-              - AttributeName: INST_NM\n-                KeyType: RANGE\n-            Projection:\n-              ProjectionType: ALL\n-          - IndexName: sunday-hours-index\n-            KeySchema:\n-              - AttributeName: MDEXM_HR_SNDY_S\n-                KeyType: HASH\n-              - AttributeName: INST_NM\n-                KeyType: RANGE\n-            Projection:\n-              ProjectionType: ALL\n     PharmacySafetydata:\n       Type: AWS::DynamoDB::Table\n       Properties:\n         TableName: Pharmacy-safetydata\n@@ -185,26 +103,8 @@\n           - AttributeName: ADDR_REGION\n             AttributeType: S\n           - AttributeName: WKND_MDEXM_YN\n             AttributeType: S\n-          - AttributeName: LAT\n-            AttributeType: N\n-          - AttributeName: LOT\n-            AttributeType: N\n-          - AttributeName: MDEXM_BGNG_HR_MNDY\n-            AttributeType: S\n-          - AttributeName: MDEXM_BGNG_HR_TSDY\n-            AttributeType: S\n-          - AttributeName: MDEXM_BGNG_HR_WDDY\n-            AttributeType: S\n-          - AttributeName: MDEXM_BGNG_HR_THDY\n-            AttributeType: S\n-          - AttributeName: MDEXM_BGNG_HR_FRDY\n-            AttributeType: S\n-          - AttributeName: MDEXM_BGNG_HR_STDY\n-            AttributeType: S\n-          - AttributeName: MDEXM_BGNG_HR_SNDY\n-            AttributeType: S\n         KeySchema:\n           - AttributeName: pk\n             KeyType: HASH\n           - AttributeName: sk\n@@ -231,72 +131,8 @@\n               - AttributeName: INST_NM\n                 KeyType: RANGE\n             Projection:\n               ProjectionType: ALL\n-          - IndexName: pharmacy-location-index\n-            KeySchema:\n-              - AttributeName: LAT\n-                KeyType: HASH\n-              - AttributeName: LOT\n-                KeyType: RANGE\n-            Projection:\n-              ProjectionType: ALL\n-          - IndexName: pharmacy-weekday-hours-index\n-            KeySchema:\n-              - AttributeName: MDEXM_BGNG_HR_MNDY\n-                KeyType: HASH\n-              - AttributeName: INST_NM\n-                KeyType: RANGE\n-            Projection:\n-              ProjectionType: ALL\n-          - IndexName: pharmacy-tuesday-hours-index\n-            KeySchema:\n-              - AttributeName: MDEXM_BGNG_HR_TSDY\n-                KeyType: HASH\n-              - AttributeName: INST_NM\n-                KeyType: RANGE\n-            Projection:\n-              ProjectionType: ALL\n-          - IndexName: pharmacy-wednesday-hours-index\n-            KeySchema:\n-              - AttributeName: MDEXM_BGNG_HR_WDDY\n-                KeyType: HASH\n-              - AttributeName: INST_NM\n-                KeyType: RANGE\n-            Projection:\n-              ProjectionType: ALL\n-          - IndexName: pharmacy-thursday-hours-index\n-            KeySchema:\n-              - AttributeName: MDEXM_BGNG_HR_THDY\n-                KeyType: HASH\n-              - AttributeName: INST_NM\n-                KeyType: RANGE\n-            Projection:\n-              ProjectionType: ALL\n-          - IndexName: pharmacy-friday-hours-index\n-            KeySchema:\n-              - AttributeName: MDEXM_BGNG_HR_FRDY\n-                KeyType: HASH\n-              - AttributeName: INST_NM\n-                KeyType: RANGE\n-            Projection:\n-              ProjectionType: ALL\n-          - IndexName: pharmacy-saturday-hours-index\n-            KeySchema:\n-              - AttributeName: MDEXM_BGNG_HR_STDY\n-                KeyType: HASH\n-              - AttributeName: INST_NM\n-                KeyType: RANGE\n-            Projection:\n-              ProjectionType: ALL\n-          - IndexName: pharmacy-sunday-hours-index\n-            KeySchema:\n-              - AttributeName: MDEXM_BGNG_HR_SNDY\n-                KeyType: HASH\n-              - AttributeName: INST_NM\n-                KeyType: RANGE\n-            Projection:\n-              ProjectionType: ALL\n \n functions:\n   hospital:\n     handler: dist/index.handler\n"
                }
            ],
            "date": 1748159927251,
            "name": "Commit-0",
            "content": "# \"org\" ensures this Service is used with the correct Serverless Framework Access Key.\norg: illuwa\n# \"service\" is the name of this project. This will also be added to your AWS resource names.\nservice: doctor\n\nprovider:\n  name: aws\n  runtime: nodejs22.x\n  region: ap-northeast-2\n  stage: ${opt:stage, 'dev'}\n  environment:\n    BUCKET_NAME: !Ref CategoryImageBucket\n    TABLE_NAME: !Ref CategoryTable\n  iamRoleStatements:\n    - Effect: Allow\n      Action:\n        - dynamodb:Query\n        - dynamodb:Scan\n        - dynamodb:GetItem\n        - dynamodb:PutItem\n        - dynamodb:UpdateItem\n        - dynamodb:DeleteItem\n      Resource:\n        - !GetAtt CategoryTable.Arn\n        - !Sub \"${CategoryTable.Arn}/index/*\"\n    - Effect: Allow\n      Action:\n        - s3:GetObject\n        - s3:PutObject\n        - s3:DeleteObject\n        - s3:ListBucket\n      Resource:\n        - !GetAtt CategoryImageBucket.Arn\n        - !Sub \"${CategoryImageBucket.Arn}/*\"\n\npackage:\n  patterns:\n    - \"!node_modules/**\"\n    - \"!*.ts\"\n    - \"!tsconfig.json\"\n    - \"!.git/**\"\n    - \"!.vscode/**\"\n    - \"handlers/**/*.js\"\n    - \"dist/**/*.js\"\n\nresources:\n  Resources:\n    CategoryImageBucket:\n      Type: AWS::S3::Bucket\n      Properties:\n        BucketName: ${self:service}-${self:provider.stage}-category-images\n        PublicAccessBlockConfiguration:\n          BlockPublicAcls: false\n          BlockPublicPolicy: false\n          IgnorePublicAcls: false\n          RestrictPublicBuckets: false\n\n    CategoryTable:\n      Type: AWS::DynamoDB::Table\n      Properties:\n        TableName: Categories\n        BillingMode: PAY_PER_REQUEST\n        AttributeDefinitions:\n          - AttributeName: pk\n            AttributeType: S\n          - AttributeName: sk\n            AttributeType: S\n        KeySchema:\n          - AttributeName: pk\n            KeyType: HASH\n          - AttributeName: sk\n            KeyType: RANGE\n\n  Outputs:\n    CategoryImageBucketName:\n      Description: \"Name of the S3 bucket for category images\"\n      Value: !Ref CategoryImageBucket\n      Export:\n        Name: ${self:service}-${self:provider.stage}-CategoryImageBucketName\n\n    CategoryImageBucketArn:\n      Description: \"ARN of the S3 bucket for category images\"\n      Value: !GetAtt CategoryImageBucket.Arn\n      Export:\n        Name: ${self:service}-${self:provider.stage}-CategoryImageBucketArn\n\n    CategoryTableName:\n      Description: \"Name of the DynamoDB table for categories\"\n      Value: !Ref CategoryTable\n      Export:\n        Name: ${self:service}-${self:provider.stage}-CategoryTableName\n\n    CategoryTableArn:\n      Description: \"ARN of the DynamoDB table for categories\"\n      Value: !GetAtt CategoryTable.Arn\n      Export:\n        Name: ${self:service}-${self:provider.stage}-CategoryTableArn\n\nfunctions:\n  getUploadUrl:\n    handler: dist/getUploadUrl.getUploadUrl\n    environment:\n      BUCKET_NAME: !Ref CategoryImageBucket\n      TABLE_NAME: !Ref CategoryTable\n    events:\n      - httpApi:\n          path: /getUploadUrl\n          method: post\n  updateCategoryImage:\n    handler: dist/updateCategoryImage.updateCategoryImage\n    environment:\n      BUCKET_NAME: !Ref CategoryImageBucket\n      TABLE_NAME: !Ref CategoryTable\n    events:\n      - s3:\n          bucket: !Ref CategoryImageBucket\n          event: s3:ObjectCreated:*\n          existing: false\n"
        }
    ]
}